solid OpenSCAD_Model
  facet normal 0.8314696123025491 0.5555702330195965 0
    outer loop
      vertex 13.960769515458674 7.800000000000001 0.8900000000000001
      vertex 13.960769515458674 7.800000000000001 2.4
      vertex 14.047975991650517 7.669486285189535 0.8900000000000001
    endloop
  endfacet
  facet normal 0.9469301294951059 0.3214394653031609 0
    outer loop
      vertex 13.840889008453118 8.089417145876975 0.8900000000000001
      vertex 13.840889008453118 8.089417145876975 2.4
      vertex 13.891344560986456 7.940779881161893 0.8900000000000001
    endloop
  endfacet
  facet normal 0.8968727415326867 0.44228869021900463 0
    outer loop
      vertex 13.891344560986456 7.940779881161893 0.8900000000000001
      vertex 13.891344560986456 7.940779881161893 2.4
      vertex 13.960769515458674 7.800000000000001 0.8900000000000001
    endloop
  endfacet
  facet normal 0.7518398074789753 0.6593458151000713 0
    outer loop
      vertex 14.047975991650517 7.669486285189535 0.8900000000000001
      vertex 14.047975991650517 7.669486285189535 2.4
      vertex 14.151471862576143 7.551471862576143 0.8900000000000001
    endloop
  endfacet
  facet normal 0.6593458151000713 0.7518398074789753 3.549849800780882e-18
    outer loop
      vertex 14.269486285189535 7.447975991650518 0.8900000000000001
      vertex 14.151471862576143 7.551471862576143 0.8900000000000001
      vertex 14.151471862576143 7.551471862576143 2.4
    endloop
  endfacet
  facet normal 0.5555702330195965 0.8314696123025491 0
    outer loop
      vertex 14.269486285189535 7.447975991650518 0.8900000000000001
      vertex 14.269486285189535 7.447975991650518 2.4
      vertex 14.4 7.360769515458674 0.8900000000000001
    endloop
  endfacet
  facet normal 0.44228869021900463 0.8968727415326867 0
    outer loop
      vertex 14.4 7.360769515458674 0.8900000000000001
      vertex 14.4 7.360769515458674 2.4
      vertex 14.540779881161892 7.291344560986456 0.8900000000000001
    endloop
  endfacet
  facet normal 0.3214394653031609 0.9469301294951059 0
    outer loop
      vertex 14.540779881161892 7.291344560986456 0.8900000000000001
      vertex 14.540779881161892 7.291344560986456 2.4
      vertex 14.689417145876975 7.240889008453118 0.8900000000000001
    endloop
  endfacet
  facet normal 0.1950903220161293 0.9807852804032303 0
    outer loop
      vertex 14.689417145876975 7.240889008453118 0.8900000000000001
      vertex 14.689417145876975 7.240889008453118 2.4
      vertex 14.843368569335938 7.210266166351428 0.8900000000000001
    endloop
  endfacet
  facet normal 0.06540312923014252 0.9978589232386035 0
    outer loop
      vertex 14.843368569335938 7.210266166351428 0.8900000000000001
      vertex 14.843368569335938 7.210266166351428 2.4
      vertex 15 7.2 0.8900000000000001
    endloop
  endfacet
  facet normal -0.06540312923014252 0.9978589232386035 0
    outer loop
      vertex 15 7.2 0.8900000000000001
      vertex 15 7.2 2.4
      vertex 15.156631430664062 7.210266166351428 0.8900000000000001
    endloop
  endfacet
  facet normal 0.8968727415326867 0.44228869021900463 0
    outer loop
      vertex 13.960769515458674 7.800000000000001 0.8900000000000001
      vertex 13.891344560986456 7.940779881161893 2.4
      vertex 13.960769515458674 7.800000000000001 2.4
    endloop
  endfacet
  facet normal 0.9469301294951059 0.3214394653031609 0
    outer loop
      vertex 13.891344560986456 7.940779881161893 0.8900000000000001
      vertex 13.840889008453118 8.089417145876975 2.4
      vertex 13.891344560986456 7.940779881161893 2.4
    endloop
  endfacet
  facet normal 0.7518398074789753 0.6593458151000713 0
    outer loop
      vertex 14.151471862576143 7.551471862576143 0.8900000000000001
      vertex 14.047975991650517 7.669486285189535 2.4
      vertex 14.151471862576143 7.551471862576143 2.4
    endloop
  endfacet
  facet normal 0.5555702330195965 0.8314696123025491 0
    outer loop
      vertex 14.4 7.360769515458674 0.8900000000000001
      vertex 14.269486285189535 7.447975991650518 2.4
      vertex 14.4 7.360769515458674 2.4
    endloop
  endfacet
  facet normal 0.6593458151000713 0.7518398074789753 0
    outer loop
      vertex 14.269486285189535 7.447975991650518 0.8900000000000001
      vertex 14.151471862576143 7.551471862576143 2.4
      vertex 14.269486285189535 7.447975991650518 2.4
    endloop
  endfacet
  facet normal 0.8314696123025491 0.5555702330195965 0
    outer loop
      vertex 14.047975991650517 7.669486285189535 0.8900000000000001
      vertex 13.960769515458674 7.800000000000001 2.4
      vertex 14.047975991650517 7.669486285189535 2.4
    endloop
  endfacet
  facet normal 0.44228869021900463 0.8968727415326867 0
    outer loop
      vertex 14.540779881161892 7.291344560986456 0.8900000000000001
      vertex 14.4 7.360769515458674 2.4
      vertex 14.540779881161892 7.291344560986456 2.4
    endloop
  endfacet
  facet normal 0.3214394653031609 0.9469301294951059 0
    outer loop
      vertex 14.689417145876975 7.240889008453118 0.8900000000000001
      vertex 14.540779881161892 7.291344560986456 2.4
      vertex 14.689417145876975 7.240889008453118 2.4
    endloop
  endfacet
  facet normal 0.1950903220161293 0.9807852804032303 0
    outer loop
      vertex 14.843368569335938 7.210266166351428 0.8900000000000001
      vertex 14.689417145876975 7.240889008453118 2.4
      vertex 14.843368569335938 7.210266166351428 2.4
    endloop
  endfacet
  facet normal 0.06540312923014252 0.9978589232386035 0
    outer loop
      vertex 15 7.2 0.8900000000000001
      vertex 14.843368569335938 7.210266166351428 2.4
      vertex 15 7.2 2.4
    endloop
  endfacet
  facet normal -0.06540312923014252 0.9978589232386035 0
    outer loop
      vertex 15.156631430664062 7.210266166351428 0.8900000000000001
      vertex 15 7.2 2.4
      vertex 15.156631430664062 7.210266166351428 2.4
    endloop
  endfacet
  facet normal 0.9978589232386039 0.06540312923013689 -2.760297353512193e-19
    outer loop
      vertex 13.810266166351427 8.243368569335939 0.8900000000000001
      vertex 13.8 8.4 0.8900000000000001
      vertex 13.8 8.4 2.4
    endloop
  endfacet
  facet normal 0.9978589232386039 -0.06540312923013689 2.760297353512193e-19
    outer loop
      vertex 13.8 8.4 0.8900000000000001
      vertex 13.810266166351427 8.556631430664062 0.8900000000000001
      vertex 13.810266166351427 8.556631430664062 2.4
    endloop
  endfacet
  facet normal 0.9807852804032303 0.1950903220161293 -1.5153431002760791e-18
    outer loop
      vertex 13.840889008453118 8.089417145876975 0.8900000000000001
      vertex 13.810266166351427 8.243368569335939 0.8900000000000001
      vertex 13.810266166351427 8.243368569335939 2.4
    endloop
  endfacet
  facet normal 0.9807852804032303 -0.1950903220161293 1.5153431002760791e-18
    outer loop
      vertex 13.810266166351427 8.556631430664062 0.8900000000000001
      vertex 13.840889008453118 8.710582854123025 0.8900000000000001
      vertex 13.840889008453118 8.710582854123025 2.4
    endloop
  endfacet
  facet normal 0.9469301294951059 -0.3214394653031609 1.562403745286931e-18
    outer loop
      vertex 13.840889008453118 8.710582854123025 0.8900000000000001
      vertex 13.891344560986456 8.859220118838108 0.8900000000000001
      vertex 13.891344560986456 8.859220118838108 2.4
    endloop
  endfacet
  facet normal 0.8968727415326867 -0.44228869021900463 9.638488422092512e-19
    outer loop
      vertex 13.891344560986456 8.859220118838108 0.8900000000000001
      vertex 13.960769515458674 9 0.8900000000000001
      vertex 13.960769515458674 9 2.4
    endloop
  endfacet
  facet normal 0.8314696123025491 -0.5555702330195965 -2.816305294171933e-18
    outer loop
      vertex 13.960769515458674 9 0.8900000000000001
      vertex 14.047975991650517 9.130513714810466 0.8900000000000001
      vertex 14.047975991650517 9.130513714810466 2.4
    endloop
  endfacet
  facet normal 0.7518398074789753 -0.6593458151000713 -3.549849800780882e-18
    outer loop
      vertex 14.047975991650517 9.130513714810466 0.8900000000000001
      vertex 14.151471862576143 9.248528137423857 0.8900000000000001
      vertex 14.151471862576143 9.248528137423857 2.4
    endloop
  endfacet
  facet normal 0.6593458151000713 -0.7518398074789753 -3.549849800780882e-18
    outer loop
      vertex 14.151471862576143 9.248528137423857 0.8900000000000001
      vertex 14.269486285189535 9.352024008349483 0.8900000000000001
      vertex 14.269486285189535 9.352024008349483 2.4
    endloop
  endfacet
  facet normal 0.5555702330195965 -0.8314696123025491 -2.816305294171933e-18
    outer loop
      vertex 14.269486285189535 9.352024008349483 0.8900000000000001
      vertex 14.4 9.439230484541326 0.8900000000000001
      vertex 14.4 9.439230484541326 2.4
    endloop
  endfacet
  facet normal 0.44228869021900463 -0.8968727415326867 9.638488422092512e-19
    outer loop
      vertex 14.4 9.439230484541326 0.8900000000000001
      vertex 14.540779881161892 9.508655439013545 0.8900000000000001
      vertex 14.540779881161892 9.508655439013545 2.4
    endloop
  endfacet
  facet normal 0.3214394653031609 -0.9469301294951059 1.562403745286931e-18
    outer loop
      vertex 14.540779881161892 9.508655439013545 0.8900000000000001
      vertex 14.689417145876975 9.559110991546882 0.8900000000000001
      vertex 14.689417145876975 9.559110991546882 2.4
    endloop
  endfacet
  facet normal 0.1950903220161293 -0.9807852804032303 1.5153431002760791e-18
    outer loop
      vertex 14.689417145876975 9.559110991546882 0.8900000000000001
      vertex 14.843368569335938 9.589733833648573 0.8900000000000001
      vertex 14.843368569335938 9.589733833648573 2.4
    endloop
  endfacet
  facet normal 0.06540312923013689 -0.9978589232386039 2.760297353512193e-19
    outer loop
      vertex 14.843368569335938 9.589733833648573 0.8900000000000001
      vertex 15 9.6 0.8900000000000001
      vertex 15 9.6 2.4
    endloop
  endfacet
  facet normal -0.06540312923013689 -0.9978589232386039 -2.760297353512193e-19
    outer loop
      vertex 15 9.6 0.8900000000000001
      vertex 15.156631430664062 9.589733833648573 0.8900000000000001
      vertex 15.156631430664062 9.589733833648573 2.4
    endloop
  endfacet
  facet normal 0.9978589232386039 0.06540312923013689 0
    outer loop
      vertex 13.810266166351427 8.243368569335939 0.8900000000000001
      vertex 13.8 8.4 2.4
      vertex 13.810266166351427 8.243368569335939 2.4
    endloop
  endfacet
  facet normal 0.9978589232386039 -0.06540312923013689 0
    outer loop
      vertex 13.8 8.4 0.8900000000000001
      vertex 13.810266166351427 8.556631430664062 2.4
      vertex 13.8 8.4 2.4
    endloop
  endfacet
  facet normal 0.9807852804032303 0.1950903220161293 0
    outer loop
      vertex 13.840889008453118 8.089417145876975 0.8900000000000001
      vertex 13.810266166351427 8.243368569335939 2.4
      vertex 13.840889008453118 8.089417145876975 2.4
    endloop
  endfacet
  facet normal 0.9807852804032303 -0.1950903220161293 0
    outer loop
      vertex 13.810266166351427 8.556631430664062 0.8900000000000001
      vertex 13.840889008453118 8.710582854123025 2.4
      vertex 13.810266166351427 8.556631430664062 2.4
    endloop
  endfacet
  facet normal 0.9469301294951059 -0.3214394653031609 0
    outer loop
      vertex 13.840889008453118 8.710582854123025 0.8900000000000001
      vertex 13.891344560986456 8.859220118838108 2.4
      vertex 13.840889008453118 8.710582854123025 2.4
    endloop
  endfacet
  facet normal 0.8968727415326867 -0.44228869021900463 0
    outer loop
      vertex 13.891344560986456 8.859220118838108 0.8900000000000001
      vertex 13.960769515458674 9 2.4
      vertex 13.891344560986456 8.859220118838108 2.4
    endloop
  endfacet
  facet normal 0.8314696123025491 -0.5555702330195965 0
    outer loop
      vertex 13.960769515458674 9 0.8900000000000001
      vertex 14.047975991650517 9.130513714810466 2.4
      vertex 13.960769515458674 9 2.4
    endloop
  endfacet
  facet normal 0.7518398074789753 -0.6593458151000713 0
    outer loop
      vertex 14.047975991650517 9.130513714810466 0.8900000000000001
      vertex 14.151471862576143 9.248528137423857 2.4
      vertex 14.047975991650517 9.130513714810466 2.4
    endloop
  endfacet
  facet normal 0.6593458151000713 -0.7518398074789753 0
    outer loop
      vertex 14.151471862576143 9.248528137423857 0.8900000000000001
      vertex 14.269486285189535 9.352024008349483 2.4
      vertex 14.151471862576143 9.248528137423857 2.4
    endloop
  endfacet
  facet normal 0.5555702330195965 -0.8314696123025491 0
    outer loop
      vertex 14.269486285189535 9.352024008349483 0.8900000000000001
      vertex 14.4 9.439230484541326 2.4
      vertex 14.269486285189535 9.352024008349483 2.4
    endloop
  endfacet
  facet normal 0.44228869021900463 -0.8968727415326867 0
    outer loop
      vertex 14.4 9.439230484541326 0.8900000000000001
      vertex 14.540779881161892 9.508655439013545 2.4
      vertex 14.4 9.439230484541326 2.4
    endloop
  endfacet
  facet normal 0.3214394653031609 -0.9469301294951059 0
    outer loop
      vertex 14.540779881161892 9.508655439013545 0.8900000000000001
      vertex 14.689417145876975 9.559110991546882 2.4
      vertex 14.540779881161892 9.508655439013545 2.4
    endloop
  endfacet
  facet normal 0.1950903220161293 -0.9807852804032303 0
    outer loop
      vertex 14.689417145876975 9.559110991546882 0.8900000000000001
      vertex 14.843368569335938 9.589733833648573 2.4
      vertex 14.689417145876975 9.559110991546882 2.4
    endloop
  endfacet
  facet normal 0.06540312923013689 -0.9978589232386039 0
    outer loop
      vertex 14.843368569335938 9.589733833648573 0.8900000000000001
      vertex 15 9.6 2.4
      vertex 14.843368569335938 9.589733833648573 2.4
    endloop
  endfacet
  facet normal -0.06540312923013689 -0.9978589232386039 0
    outer loop
      vertex 15 9.6 0.8900000000000001
      vertex 15.156631430664062 9.589733833648573 2.4
      vertex 15 9.6 2.4
    endloop
  endfacet
  facet normal -0.1950903220161293 0.9807852804032303 0
    outer loop
      vertex 15.156631430664062 7.210266166351428 0.8900000000000001
      vertex 15.156631430664062 7.210266166351428 2.4
      vertex 15.310582854123025 7.240889008453118 0.8900000000000001
    endloop
  endfacet
  facet normal -0.3214394653031609 0.9469301294951059 0
    outer loop
      vertex 15.310582854123025 7.240889008453118 0.8900000000000001
      vertex 15.310582854123025 7.240889008453118 2.4
      vertex 15.459220118838108 7.291344560986456 0.8900000000000001
    endloop
  endfacet
  facet normal -0.44228869021900463 0.8968727415326867 0
    outer loop
      vertex 15.459220118838108 7.291344560986456 0.8900000000000001
      vertex 15.459220118838108 7.291344560986456 2.4
      vertex 15.6 7.360769515458674 0.8900000000000001
    endloop
  endfacet
  facet normal -0.5555702330195965 0.8314696123025491 0
    outer loop
      vertex 15.6 7.360769515458674 0.8900000000000001
      vertex 15.6 7.360769515458674 2.4
      vertex 15.730513714810465 7.447975991650518 0.8900000000000001
    endloop
  endfacet
  facet normal -0.6593458151000713 0.7518398074789753 0
    outer loop
      vertex 15.730513714810465 7.447975991650518 0.8900000000000001
      vertex 15.730513714810465 7.447975991650518 2.4
      vertex 15.848528137423857 7.551471862576143 0.8900000000000001
    endloop
  endfacet
  facet normal -0.7518398074789753 0.6593458151000713 0
    outer loop
      vertex 15.848528137423857 7.551471862576143 0.8900000000000001
      vertex 15.848528137423857 7.551471862576143 2.4
      vertex 15.952024008349483 7.669486285189535 0.8900000000000001
    endloop
  endfacet
  facet normal -0.8314696123025439 0.5555702330196042 0
    outer loop
      vertex 15.952024008349483 7.669486285189535 0.8900000000000001
      vertex 15.952024008349483 7.669486285189535 2.4
      vertex 16.039230484541328 7.800000000000001 0.8900000000000001
    endloop
  endfacet
  facet normal -0.8968727415326956 0.4422886902189864 0
    outer loop
      vertex 16.039230484541328 7.800000000000001 0.8900000000000001
      vertex 16.039230484541328 7.800000000000001 2.4
      vertex 16.108655439013543 7.940779881161893 0.8900000000000001
    endloop
  endfacet
  facet normal -0.9469301294951025 0.3214394653031711 0
    outer loop
      vertex 16.108655439013543 7.940779881161893 0.8900000000000001
      vertex 16.108655439013543 7.940779881161893 2.4
      vertex 16.159110991546882 8.089417145876975 0.8900000000000001
    endloop
  endfacet
  facet normal -0.1950903220161293 0.9807852804032303 0
    outer loop
      vertex 15.310582854123025 7.240889008453118 0.8900000000000001
      vertex 15.156631430664062 7.210266166351428 2.4
      vertex 15.310582854123025 7.240889008453118 2.4
    endloop
  endfacet
  facet normal -0.3214394653031609 0.9469301294951059 0
    outer loop
      vertex 15.459220118838108 7.291344560986456 0.8900000000000001
      vertex 15.310582854123025 7.240889008453118 2.4
      vertex 15.459220118838108 7.291344560986456 2.4
    endloop
  endfacet
  facet normal -0.44228869021900463 0.8968727415326867 0
    outer loop
      vertex 15.6 7.360769515458674 0.8900000000000001
      vertex 15.459220118838108 7.291344560986456 2.4
      vertex 15.6 7.360769515458674 2.4
    endloop
  endfacet
  facet normal -0.5555702330195965 0.8314696123025491 0
    outer loop
      vertex 15.730513714810465 7.447975991650518 0.8900000000000001
      vertex 15.6 7.360769515458674 2.4
      vertex 15.730513714810465 7.447975991650518 2.4
    endloop
  endfacet
  facet normal -0.6593458151000713 0.7518398074789753 0
    outer loop
      vertex 15.848528137423857 7.551471862576143 0.8900000000000001
      vertex 15.730513714810465 7.447975991650518 2.4
      vertex 15.848528137423857 7.551471862576143 2.4
    endloop
  endfacet
  facet normal -0.7518398074789753 0.6593458151000713 0
    outer loop
      vertex 15.952024008349483 7.669486285189535 0.8900000000000001
      vertex 15.848528137423857 7.551471862576143 2.4
      vertex 15.952024008349483 7.669486285189535 2.4
    endloop
  endfacet
  facet normal -0.8314696123025439 0.5555702330196042 0
    outer loop
      vertex 16.039230484541328 7.800000000000001 0.8900000000000001
      vertex 15.952024008349483 7.669486285189535 2.4
      vertex 16.039230484541328 7.800000000000001 2.4
    endloop
  endfacet
  facet normal -0.8968727415326956 0.4422886902189864 0
    outer loop
      vertex 16.108655439013543 7.940779881161893 0.8900000000000001
      vertex 16.039230484541328 7.800000000000001 2.4
      vertex 16.108655439013543 7.940779881161893 2.4
    endloop
  endfacet
  facet normal -0.9469301294951025 0.3214394653031711 0
    outer loop
      vertex 16.159110991546882 8.089417145876975 0.8900000000000001
      vertex 16.108655439013543 7.940779881161893 2.4
      vertex 16.159110991546882 8.089417145876975 2.4
    endloop
  endfacet
  facet normal -0.1950903220161293 -0.9807852804032303 -1.5153431002760791e-18
    outer loop
      vertex 15.156631430664062 9.589733833648573 0.8900000000000001
      vertex 15.310582854123025 9.559110991546882 0.8900000000000001
      vertex 15.310582854123025 9.559110991546882 2.4
    endloop
  endfacet
  facet normal -0.3214394653031609 -0.9469301294951059 -1.562403745286931e-18
    outer loop
      vertex 15.310582854123025 9.559110991546882 0.8900000000000001
      vertex 15.459220118838108 9.508655439013545 0.8900000000000001
      vertex 15.459220118838108 9.508655439013545 2.4
    endloop
  endfacet
  facet normal -0.44228869021900463 -0.8968727415326867 -9.638488422092512e-19
    outer loop
      vertex 15.459220118838108 9.508655439013545 0.8900000000000001
      vertex 15.6 9.439230484541326 0.8900000000000001
      vertex 15.6 9.439230484541326 2.4
    endloop
  endfacet
  facet normal -0.5555702330195965 -0.8314696123025491 0
    outer loop
      vertex 15.730513714810465 9.352024008349483 0.8900000000000001
      vertex 15.730513714810465 9.352024008349483 2.4
      vertex 15.6 9.439230484541326 0.8900000000000001
    endloop
  endfacet
  facet normal -0.7518398074789753 -0.6593458151000713 3.549849800780882e-18
    outer loop
      vertex 15.848528137423857 9.248528137423857 0.8900000000000001
      vertex 15.952024008349483 9.130513714810466 0.8900000000000001
      vertex 15.952024008349483 9.130513714810466 2.4
    endloop
  endfacet
  facet normal -0.6593458151000713 -0.7518398074789753 3.549849800780882e-18
    outer loop
      vertex 15.730513714810465 9.352024008349483 0.8900000000000001
      vertex 15.848528137423857 9.248528137423857 0.8900000000000001
      vertex 15.848528137423857 9.248528137423857 2.4
    endloop
  endfacet
  facet normal -0.9807852804032323 0.1950903220161184 0
    outer loop
      vertex 16.159110991546882 8.089417145876975 0.8900000000000001
      vertex 16.159110991546882 8.089417145876975 2.4
      vertex 16.18973383364857 8.243368569335939 0.8900000000000001
    endloop
  endfacet
  facet normal -0.9978589232386031 0.06540312923014815 0
    outer loop
      vertex 16.18973383364857 8.243368569335939 0.8900000000000001
      vertex 16.18973383364857 8.243368569335939 2.4
      vertex 16.2 8.4 0.8900000000000001
    endloop
  endfacet
  facet normal -0.9978589232386031 -0.06540312923014815 0
    outer loop
      vertex 16.2 8.4 0.8900000000000001
      vertex 16.2 8.4 2.4
      vertex 16.18973383364857 8.556631430664062 0.8900000000000001
    endloop
  endfacet
  facet normal -0.9469301294951025 -0.3214394653031711 0
    outer loop
      vertex 16.159110991546882 8.710582854123025 0.8900000000000001
      vertex 16.159110991546882 8.710582854123025 2.4
      vertex 16.108655439013543 8.859220118838108 0.8900000000000001
    endloop
  endfacet
  facet normal -0.8968727415326956 -0.4422886902189864 1.3576693395868973e-18
    outer loop
      vertex 16.039230484541328 9 0.8900000000000001
      vertex 16.108655439013543 8.859220118838108 0.8900000000000001
      vertex 16.108655439013543 8.859220118838108 2.4
    endloop
  endfacet
  facet normal -0.9807852804032323 -0.1950903220161184 -4.449037963352547e-19
    outer loop
      vertex 16.159110991546882 8.710582854123025 0.8900000000000001
      vertex 16.18973383364857 8.556631430664062 0.8900000000000001
      vertex 16.18973383364857 8.556631430664062 2.4
    endloop
  endfacet
  facet normal -0.8314696123025439 -0.5555702330196042 -1.9120011273131778e-18
    outer loop
      vertex 15.952024008349483 9.130513714810466 0.8900000000000001
      vertex 16.039230484541328 9 0.8900000000000001
      vertex 16.039230484541328 9 2.4
    endloop
  endfacet
  facet normal -0.1950903220161293 -0.9807852804032303 0
    outer loop
      vertex 15.156631430664062 9.589733833648573 0.8900000000000001
      vertex 15.310582854123025 9.559110991546882 2.4
      vertex 15.156631430664062 9.589733833648573 2.4
    endloop
  endfacet
  facet normal -0.3214394653031609 -0.9469301294951059 0
    outer loop
      vertex 15.310582854123025 9.559110991546882 0.8900000000000001
      vertex 15.459220118838108 9.508655439013545 2.4
      vertex 15.310582854123025 9.559110991546882 2.4
    endloop
  endfacet
  facet normal -0.44228869021900463 -0.8968727415326867 0
    outer loop
      vertex 15.459220118838108 9.508655439013545 0.8900000000000001
      vertex 15.6 9.439230484541326 2.4
      vertex 15.459220118838108 9.508655439013545 2.4
    endloop
  endfacet
  facet normal -0.5555702330195965 -0.8314696123025491 0
    outer loop
      vertex 15.6 9.439230484541326 0.8900000000000001
      vertex 15.730513714810465 9.352024008349483 2.4
      vertex 15.6 9.439230484541326 2.4
    endloop
  endfacet
  facet normal -0.7518398074789753 -0.6593458151000713 0
    outer loop
      vertex 15.848528137423857 9.248528137423857 0.8900000000000001
      vertex 15.952024008349483 9.130513714810466 2.4
      vertex 15.848528137423857 9.248528137423857 2.4
    endloop
  endfacet
  facet normal -0.6593458151000713 -0.7518398074789753 0
    outer loop
      vertex 15.730513714810465 9.352024008349483 0.8900000000000001
      vertex 15.848528137423857 9.248528137423857 2.4
      vertex 15.730513714810465 9.352024008349483 2.4
    endloop
  endfacet
  facet normal -0.9807852804032323 0.1950903220161184 0
    outer loop
      vertex 16.18973383364857 8.243368569335939 0.8900000000000001
      vertex 16.159110991546882 8.089417145876975 2.4
      vertex 16.18973383364857 8.243368569335939 2.4
    endloop
  endfacet
  facet normal -0.9978589232386031 0.06540312923014815 0
    outer loop
      vertex 16.2 8.4 0.8900000000000001
      vertex 16.18973383364857 8.243368569335939 2.4
      vertex 16.2 8.4 2.4
    endloop
  endfacet
  facet normal -0.9978589232386031 -0.06540312923014815 0
    outer loop
      vertex 16.18973383364857 8.556631430664062 0.8900000000000001
      vertex 16.2 8.4 2.4
      vertex 16.18973383364857 8.556631430664062 2.4
    endloop
  endfacet
  facet normal -0.9469301294951025 -0.3214394653031711 0
    outer loop
      vertex 16.108655439013543 8.859220118838108 0.8900000000000001
      vertex 16.159110991546882 8.710582854123025 2.4
      vertex 16.108655439013543 8.859220118838108 2.4
    endloop
  endfacet
  facet normal -0.8968727415326956 -0.4422886902189864 0
    outer loop
      vertex 16.039230484541328 9 0.8900000000000001
      vertex 16.108655439013543 8.859220118838108 2.4
      vertex 16.039230484541328 9 2.4
    endloop
  endfacet
  facet normal -0.9807852804032323 -0.1950903220161184 0
    outer loop
      vertex 16.159110991546882 8.710582854123025 0.8900000000000001
      vertex 16.18973383364857 8.556631430664062 2.4
      vertex 16.159110991546882 8.710582854123025 2.4
    endloop
  endfacet
  facet normal -0.8314696123025439 -0.5555702330196042 0
    outer loop
      vertex 15.952024008349483 9.130513714810466 0.8900000000000001
      vertex 16.039230484541328 9 2.4
      vertex 15.952024008349483 9.130513714810466 2.4
    endloop
  endfacet
  facet normal 0.634864079579324 0.31308031699611516 -0.7063485793639779
    outer loop
      vertex 13.891344560986456 7.940779881161893 0.8900000000000001
      vertex 13.190006906090522 7.355 0
      vertex 13.06909177705141 7.600191626356963 0
    endloop
  endfacet
  facet normal 0.5885675477331833 0.39326826236786083 -0.7063485793639783
    outer loop
      vertex 13.960769515458674 7.800000000000001 0.8900000000000001
      vertex 13.341891518791318 7.127688613371774 0
      vertex 13.190006906090522 7.355 0
    endloop
  endfacet
  facet normal 0.6702979110062843 0.22753548059830533 -0.7063485793639778
    outer loop
      vertex 13.840889008453118 8.089417145876975 0.8900000000000001
      vertex 13.06909177705141 7.600191626356963 0
      vertex 12.981215023055848 7.859068195735732 0
    endloop
  endfacet
  facet normal 0.6942627593342362 0.138097449042707 -0.7063485793639777
    outer loop
      vertex 13.810266166351427 8.243368569335939 0.8900000000000001
      vertex 12.981215023055848 7.859068195735732 0
      vertex 12.927880239728736 8.127200258260093 0
    endloop
  endfacet
  facet normal 0.6702979110062838 0.22753548059830658 -0.7063485793639779
    outer loop
      vertex 13.840889008453118 8.089417145876975 0.8900000000000001
      vertex 13.891344560986456 7.940779881161893 0.8900000000000001
      vertex 13.06909177705141 7.600191626356963 0
    endloop
  endfacet
  facet normal 0.6942627593342361 0.1380974490427074 -0.7063485793639777
    outer loop
      vertex 13.840889008453118 8.089417145876975 0.8900000000000001
      vertex 12.981215023055848 7.859068195735732 0
      vertex 13.810266166351427 8.243368569335939 0.8900000000000001
    endloop
  endfacet
  facet normal 0.7063485793639775 0.04629653184613953 -0.706348579363978
    outer loop
      vertex 13.8 8.4 0.8900000000000001
      vertex 12.927880239728736 8.127200258260093 0
      vertex 12.91 8.4 0
    endloop
  endfacet
  facet normal 0.706348579363978 -0.046296531846139584 -0.7063485793639777
    outer loop
      vertex 13.810266166351427 8.556631430664062 0.8900000000000001
      vertex 12.91 8.4 0
      vertex 12.927880239728736 8.672799741739908 0
    endloop
  endfacet
  facet normal 0.6942627593342362 -0.1380974490427072 -0.7063485793639775
    outer loop
      vertex 13.840889008453118 8.710582854123025 0.8900000000000001
      vertex 12.927880239728736 8.672799741739908 0
      vertex 12.981215023055848 8.940931804264268 0
    endloop
  endfacet
  facet normal 0.6702979110062847 -0.22753548059830378 -0.706348579363978
    outer loop
      vertex 13.891344560986456 8.859220118838108 0.8900000000000001
      vertex 12.981215023055848 8.940931804264268 0
      vertex 13.06909177705141 9.19980837364304 0
    endloop
  endfacet
  facet normal 0.6348640795793227 -0.313080316996117 -0.7063485793639784
    outer loop
      vertex 13.960769515458674 9 0.8900000000000001
      vertex 13.06909177705141 9.19980837364304 0
      vertex 13.190006906090522 9.445 0
    endloop
  endfacet
  facet normal 0.5885675477331836 -0.39326826236786117 -0.7063485793639779
    outer loop
      vertex 14.047975991650517 9.130513714810466 0.8900000000000001
      vertex 13.190006906090522 9.445 0
      vertex 13.341891518791318 9.672311386628227 0
    endloop
  endfacet
  facet normal 0.7063485793639784 0.04629653184613488 -0.7063485793639773
    outer loop
      vertex 13.810266166351427 8.243368569335939 0.8900000000000001
      vertex 12.927880239728736 8.127200258260093 0
      vertex 13.8 8.4 0.8900000000000001
    endloop
  endfacet
  facet normal 0.7063485793639779 -0.04629653184613484 -0.7063485793639781
    outer loop
      vertex 13.8 8.4 0.8900000000000001
      vertex 12.91 8.4 0
      vertex 13.810266166351427 8.556631430664062 0.8900000000000001
    endloop
  endfacet
  facet normal 0.6942627593342361 -0.1380974490427074 -0.7063485793639775
    outer loop
      vertex 13.810266166351427 8.556631430664062 0.8900000000000001
      vertex 12.927880239728736 8.672799741739908 0
      vertex 13.840889008453118 8.710582854123025 0.8900000000000001
    endloop
  endfacet
  facet normal 0.6702979110062841 -0.22753548059830667 -0.7063485793639775
    outer loop
      vertex 13.840889008453118 8.710582854123025 0.8900000000000001
      vertex 12.981215023055848 8.940931804264268 0
      vertex 13.891344560986456 8.859220118838108 0.8900000000000001
    endloop
  endfacet
  facet normal 0.46672727873592795 0.5322004619635778 -0.7063485793639779
    outer loop
      vertex 14.151471862576143 7.551471862576143 0.8900000000000001
      vertex 13.727688613371773 6.741891518791319 0
      vertex 13.522146827320116 6.922146827320115 0
    endloop
  endfacet
  facet normal 0.39326826236786133 0.5885675477331839 -0.7063485793639777
    outer loop
      vertex 14.269486285189535 7.447975991650518 0.8900000000000001
      vertex 13.955 6.590006906090523 0
      vertex 13.727688613371773 6.741891518791319 0
    endloop
  endfacet
  facet normal 0.3130803169961171 0.6348640795793229 -0.706348579363978
    outer loop
      vertex 14.4 7.360769515458674 0.8900000000000001
      vertex 14.200191626356961 6.469091777051411 0
      vertex 13.955 6.590006906090523 0
    endloop
  endfacet
  facet normal 0.5322004619635766 0.4667272787359296 -0.7063485793639778
    outer loop
      vertex 14.047975991650517 7.669486285189535 0.8900000000000001
      vertex 13.522146827320116 6.922146827320115 0
      vertex 13.341891518791318 7.127688613371774 0
    endloop
  endfacet
  facet normal 0.22753548059830778 0.6702979110062833 -0.7063485793639778
    outer loop
      vertex 14.540779881161892 7.291344560986456 0.8900000000000001
      vertex 14.459068195735732 6.381215023055847 0
      vertex 14.200191626356961 6.469091777051411 0
    endloop
  endfacet
  facet normal 0.13809744904270477 0.6942627593342363 -0.7063485793639779
    outer loop
      vertex 14.689417145876975 7.240889008453118 0.8900000000000001
      vertex 14.727200258260092 6.327880239728737 0
      vertex 14.459068195735732 6.381215023055847 0
    endloop
  endfacet
  facet normal 0.04629653184613931 0.706348579363978 -0.7063485793639777
    outer loop
      vertex 14.843368569335938 7.210266166351428 0.8900000000000001
      vertex 15 6.3100000000000005 0
      vertex 14.727200258260092 6.327880239728737 0
    endloop
  endfacet
  facet normal -0.04629653184613938 0.706348579363978 -0.7063485793639777
    outer loop
      vertex 15 7.2 0.8900000000000001
      vertex 15.272799741739908 6.327880239728737 0
      vertex 15 6.3100000000000005 0
    endloop
  endfacet
  facet normal 0.3932682623678564 0.5885675477331863 -0.7063485793639782
    outer loop
      vertex 14.269486285189535 7.447975991650518 0.8900000000000001
      vertex 14.4 7.360769515458674 0.8900000000000001
      vertex 13.955 6.590006906090523 0
    endloop
  endfacet
  facet normal 0.31308031699611943 0.634864079579322 -0.7063485793639777
    outer loop
      vertex 14.4 7.360769515458674 0.8900000000000001
      vertex 14.540779881161892 7.291344560986456 0.8900000000000001
      vertex 14.200191626356961 6.469091777051411 0
    endloop
  endfacet
  facet normal 0.5885675477331868 0.3932682623678567 -0.7063485793639777
    outer loop
      vertex 13.960769515458674 7.800000000000001 0.8900000000000001
      vertex 14.047975991650517 7.669486285189535 0.8900000000000001
      vertex 13.341891518791318 7.127688613371774 0
    endloop
  endfacet
  facet normal 0.5322004619635754 0.46672727873593056 -0.706348579363978
    outer loop
      vertex 14.047975991650517 7.669486285189535 0.8900000000000001
      vertex 14.151471862576143 7.551471862576143 0.8900000000000001
      vertex 13.522146827320116 6.922146827320115 0
    endloop
  endfacet
  facet normal 0.6348640795793214 0.31308031699611916 -0.7063485793639784
    outer loop
      vertex 13.891344560986456 7.940779881161893 0.8900000000000001
      vertex 13.960769515458674 7.800000000000001 0.8900000000000001
      vertex 13.190006906090522 7.355 0
    endloop
  endfacet
  facet normal 0.4667272787359309 0.5322004619635757 -0.7063485793639774
    outer loop
      vertex 14.269486285189535 7.447975991650518 0.8900000000000001
      vertex 13.727688613371773 6.741891518791319 0
      vertex 14.151471862576143 7.551471862576143 0.8900000000000001
    endloop
  endfacet
  facet normal 0.22753548059830656 0.6702979110062837 -0.7063485793639779
    outer loop
      vertex 14.540779881161892 7.291344560986456 0.8900000000000001
      vertex 14.689417145876975 7.240889008453118 0.8900000000000001
      vertex 14.459068195735732 6.381215023055847 0
    endloop
  endfacet
  facet normal 0.1380974490427074 0.6942627593342361 -0.7063485793639775
    outer loop
      vertex 14.689417145876975 7.240889008453118 0.8900000000000001
      vertex 14.843368569335938 7.210266166351428 0.8900000000000001
      vertex 14.727200258260092 6.327880239728737 0
    endloop
  endfacet
  facet normal 0.04629653184613886 0.7063485793639781 -0.7063485793639777
    outer loop
      vertex 14.843368569335938 7.210266166351428 0.8900000000000001
      vertex 15 7.2 0.8900000000000001
      vertex 15 6.3100000000000005 0
    endloop
  endfacet
  facet normal -0.04629653184613887 0.7063485793639782 -0.7063485793639775
    outer loop
      vertex 15 7.2 0.8900000000000001
      vertex 15.156631430664062 7.210266166351428 0.8900000000000001
      vertex 15.272799741739908 6.327880239728737 0
    endloop
  endfacet
  facet normal 0.5322004619635757 -0.46672727873593056 -0.7063485793639778
    outer loop
      vertex 14.151471862576143 9.248528137423857 0.8900000000000001
      vertex 13.341891518791318 9.672311386628227 0
      vertex 13.522146827320116 9.877853172679885 0
    endloop
  endfacet
  facet normal 0.4667272787359307 -0.5322004619635756 -0.7063485793639779
    outer loop
      vertex 14.269486285189535 9.352024008349483 0.8900000000000001
      vertex 13.522146827320116 9.877853172679885 0
      vertex 13.727688613371773 10.058108481208683 0
    endloop
  endfacet
  facet normal 0.6348640795793218 -0.3130803169961193 -0.7063485793639781
    outer loop
      vertex 13.891344560986456 8.859220118838108 0.8900000000000001
      vertex 13.06909177705141 9.19980837364304 0
      vertex 13.960769515458674 9 0.8900000000000001
    endloop
  endfacet
  facet normal 0.5885675477331861 -0.3932682623678562 -0.7063485793639784
    outer loop
      vertex 13.960769515458674 9 0.8900000000000001
      vertex 13.190006906090522 9.445 0
      vertex 14.047975991650517 9.130513714810466 0.8900000000000001
    endloop
  endfacet
  facet normal 0.5322004619635756 -0.46672727873593073 -0.7063485793639777
    outer loop
      vertex 14.047975991650517 9.130513714810466 0.8900000000000001
      vertex 13.341891518791318 9.672311386628227 0
      vertex 14.151471862576143 9.248528137423857 0.8900000000000001
    endloop
  endfacet
  facet normal 0.46672727873593073 -0.5322004619635756 -0.7063485793639779
    outer loop
      vertex 14.151471862576143 9.248528137423857 0.8900000000000001
      vertex 13.522146827320116 9.877853172679885 0
      vertex 14.269486285189535 9.352024008349483 0.8900000000000001
    endloop
  endfacet
  facet normal 0.3932682623678567 -0.5885675477331868 -0.7063485793639777
    outer loop
      vertex 14.269486285189535 9.352024008349483 0.8900000000000001
      vertex 13.727688613371773 10.058108481208683 0
      vertex 14.4 9.439230484541326 0.8900000000000001
    endloop
  endfacet
  facet normal 0.31308031699611943 -0.634864079579322 -0.7063485793639779
    outer loop
      vertex 14.4 9.439230484541326 0.8900000000000001
      vertex 13.955 10.209993093909477 0
      vertex 14.540779881161892 9.508655439013545 0.8900000000000001
    endloop
  endfacet
  facet normal 0.22753548059830653 -0.6702979110062837 -0.7063485793639781
    outer loop
      vertex 14.540779881161892 9.508655439013545 0.8900000000000001
      vertex 14.200191626356961 10.33090822294859 0
      vertex 14.689417145876975 9.559110991546882 0.8900000000000001
    endloop
  endfacet
  facet normal 0.1380974490427074 -0.6942627593342361 -0.7063485793639777
    outer loop
      vertex 14.689417145876975 9.559110991546882 0.8900000000000001
      vertex 14.459068195735732 10.418784976944153 0
      vertex 14.843368569335938 9.589733833648573 0.8900000000000001
    endloop
  endfacet
  facet normal 0.04629653184613488 -0.7063485793639784 -0.7063485793639774
    outer loop
      vertex 14.843368569335938 9.589733833648573 0.8900000000000001
      vertex 14.727200258260092 10.472119760271264 0
      vertex 15 9.6 0.8900000000000001
    endloop
  endfacet
  facet normal -0.04629653184613484 -0.7063485793639779 -0.7063485793639781
    outer loop
      vertex 15 9.6 0.8900000000000001
      vertex 15 10.49 0
      vertex 15.156631430664062 9.589733833648573 0.8900000000000001
    endloop
  endfacet
  facet normal 0.39326826236785795 -0.5885675477331856 -0.706348579363978
    outer loop
      vertex 14.4 9.439230484541326 0.8900000000000001
      vertex 13.727688613371773 10.058108481208683 0
      vertex 13.955 10.209993093909477 0
    endloop
  endfacet
  facet normal 0.3130803169961208 -0.6348640795793212 -0.706348579363978
    outer loop
      vertex 14.540779881161892 9.508655439013545 0.8900000000000001
      vertex 13.955 10.209993093909477 0
      vertex 14.200191626356961 10.33090822294859 0
    endloop
  endfacet
  facet normal 0.22753548059830397 -0.6702979110062848 -0.7063485793639778
    outer loop
      vertex 14.689417145876975 9.559110991546882 0.8900000000000001
      vertex 14.200191626356961 10.33090822294859 0
      vertex 14.459068195735732 10.418784976944153 0
    endloop
  endfacet
  facet normal 0.1380974490427072 -0.6942627593342362 -0.7063485793639774
    outer loop
      vertex 14.843368569335938 9.589733833648573 0.8900000000000001
      vertex 14.459068195735732 10.418784976944153 0
      vertex 14.727200258260092 10.472119760271264 0
    endloop
  endfacet
  facet normal 0.04629653184613931 -0.7063485793639775 -0.706348579363978
    outer loop
      vertex 15 9.6 0.8900000000000001
      vertex 14.727200258260092 10.472119760271264 0
      vertex 15 10.49 0
    endloop
  endfacet
  facet normal -0.04629653184613931 -0.706348579363978 -0.7063485793639777
    outer loop
      vertex 15.156631430664062 9.589733833648573 0.8900000000000001
      vertex 15 10.49 0
      vertex 15.272799741739908 10.472119760271264 0
    endloop
  endfacet
  facet normal -0.138097449042705 0.6942627593342365 -0.7063485793639775
    outer loop
      vertex 15.156631430664062 7.210266166351428 0.8900000000000001
      vertex 15.540931804264268 6.381215023055847 0
      vertex 15.272799741739908 6.327880239728737 0
    endloop
  endfacet
  facet normal -0.22753548059830797 0.6702979110062831 -0.7063485793639779
    outer loop
      vertex 15.310582854123025 7.240889008453118 0.8900000000000001
      vertex 15.799808373643039 6.469091777051411 0
      vertex 15.540931804264268 6.381215023055847 0
    endloop
  endfacet
  facet normal -0.3130803169961154 0.634864079579324 -0.7063485793639779
    outer loop
      vertex 15.459220118838108 7.291344560986456 0.8900000000000001
      vertex 16.045 6.590006906090523 0
      vertex 15.799808373643039 6.469091777051411 0
    endloop
  endfacet
  facet normal -0.3932682623678651 0.5885675477331805 -0.7063485793639784
    outer loop
      vertex 15.6 7.360769515458674 0.8900000000000001
      vertex 16.272311386628225 6.741891518791319 0
      vertex 16.045 6.590006906090523 0
    endloop
  endfacet
  facet normal -0.46672727873592373 0.5322004619635823 -0.7063485793639773
    outer loop
      vertex 15.730513714810465 7.447975991650518 0.8900000000000001
      vertex 16.477853172679886 6.922146827320115 0
      vertex 16.272311386628225 6.741891518791319 0
    endloop
  endfacet
  facet normal -0.5322004619635785 0.4667272787359264 -0.7063485793639785
    outer loop
      vertex 15.848528137423857 7.551471862576143 0.8900000000000001
      vertex 16.658108481208682 7.127688613371774 0
      vertex 16.477853172679886 6.922146827320115 0
    endloop
  endfacet
  facet normal -0.5885675477331859 0.3932682623678581 -0.7063485793639777
    outer loop
      vertex 15.952024008349483 7.669486285189535 0.8900000000000001
      vertex 16.809993093909476 7.355 0
      vertex 16.658108481208682 7.127688613371774 0
    endloop
  endfacet
  facet normal -0.6348640795793248 0.3130803169961156 -0.706348579363977
    outer loop
      vertex 16.039230484541328 7.800000000000001 0.8900000000000001
      vertex 16.930908222948588 7.600191626356963 0
      vertex 16.809993093909476 7.355 0
    endloop
  endfacet
  facet normal -0.6702979110062813 0.22753548059831355 -0.7063485793639781
    outer loop
      vertex 16.108655439013543 7.940779881161893 0.8900000000000001
      vertex 17.018784976944154 7.859068195735732 0
      vertex 16.930908222948588 7.600191626356963 0
    endloop
  endfacet
  facet normal -0.13809744904270735 0.6942627593342358 -0.706348579363978
    outer loop
      vertex 15.156631430664062 7.210266166351428 0.8900000000000001
      vertex 15.310582854123025 7.240889008453118 0.8900000000000001
      vertex 15.540931804264268 6.381215023055847 0
    endloop
  endfacet
  facet normal -0.2275354805983066 0.6702979110062839 -0.7063485793639777
    outer loop
      vertex 15.310582854123025 7.240889008453118 0.8900000000000001
      vertex 15.459220118838108 7.291344560986456 0.8900000000000001
      vertex 15.799808373643039 6.469091777051411 0
    endloop
  endfacet
  facet normal -0.31308031699611916 0.6348640795793214 -0.7063485793639784
    outer loop
      vertex 15.459220118838108 7.291344560986456 0.8900000000000001
      vertex 15.6 7.360769515458674 0.8900000000000001
      vertex 16.045 6.590006906090523 0
    endloop
  endfacet
  facet normal -0.3932682623678571 0.5885675477331874 -0.706348579363977
    outer loop
      vertex 15.6 7.360769515458674 0.8900000000000001
      vertex 15.730513714810465 7.447975991650518 0.8900000000000001
      vertex 16.272311386628225 6.741891518791319 0
    endloop
  endfacet
  facet normal -0.46672727873593023 0.532200461963575 -0.7063485793639784
    outer loop
      vertex 15.730513714810465 7.447975991650518 0.8900000000000001
      vertex 15.848528137423857 7.551471862576143 0.8900000000000001
      vertex 16.477853172679886 6.922146827320115 0
    endloop
  endfacet
  facet normal -0.5322004619635756 0.46672727873593073 -0.7063485793639779
    outer loop
      vertex 15.848528137423857 7.551471862576143 0.8900000000000001
      vertex 15.952024008349483 7.669486285189535 0.8900000000000001
      vertex 16.658108481208682 7.127688613371774 0
    endloop
  endfacet
  facet normal -0.5885675477331835 0.3932682623678626 -0.7063485793639772
    outer loop
      vertex 15.952024008349483 7.669486285189535 0.8900000000000001
      vertex 16.039230484541328 7.800000000000001 0.8900000000000001
      vertex 16.809993093909476 7.355 0
    endloop
  endfacet
  facet normal -0.6348640795793279 0.3130803169961064 -0.7063485793639782
    outer loop
      vertex 16.039230484541328 7.800000000000001 0.8900000000000001
      vertex 16.108655439013543 7.940779881161893 0.8900000000000001
      vertex 16.930908222948588 7.600191626356963 0
    endloop
  endfacet
  facet normal -0.6702979110062812 0.2275354805983137 -0.706348579363978
    outer loop
      vertex 16.108655439013543 7.940779881161893 0.8900000000000001
      vertex 16.159110991546882 8.089417145876975 0.8900000000000001
      vertex 17.018784976944154 7.859068195735732 0
    endloop
  endfacet
  facet normal -0.6702979110062818 -0.227535480598312 -0.7063485793639782
    outer loop
      vertex 16.159110991546882 8.710582854123025 0.8900000000000001
      vertex 16.930908222948588 9.19980837364304 0
      vertex 17.018784976944154 8.940931804264268 0
    endloop
  endfacet
  facet normal -0.3932682623678625 -0.5885675477331832 -0.7063485793639775
    outer loop
      vertex 15.730513714810465 9.352024008349483 0.8900000000000001
      vertex 16.045 10.209993093909477 0
      vertex 16.272311386628225 10.058108481208683 0
    endloop
  endfacet
  facet normal -0.4667272787359259 -0.5322004619635794 -0.706348579363978
    outer loop
      vertex 15.848528137423857 9.248528137423857 0.8900000000000001
      vertex 16.272311386628225 10.058108481208683 0
      vertex 16.477853172679886 9.877853172679885 0
    endloop
  endfacet
  facet normal -0.5885675477331863 -0.39326826236785817 -0.7063485793639772
    outer loop
      vertex 16.039230484541328 9 0.8900000000000001
      vertex 16.658108481208682 9.672311386628227 0
      vertex 16.809993093909476 9.445 0
    endloop
  endfacet
  facet normal -0.6348640795793228 -0.3130803169961168 -0.7063485793639781
    outer loop
      vertex 16.108655439013543 8.859220118838108 0.8900000000000001
      vertex 16.809993093909476 9.445 0
      vertex 16.930908222948588 9.19980837364304 0
    endloop
  endfacet
  facet normal -0.5322004619635776 -0.46672727873592795 -0.706348579363978
    outer loop
      vertex 15.952024008349483 9.130513714810466 0.8900000000000001
      vertex 16.477853172679886 9.877853172679885 0
      vertex 16.658108481208682 9.672311386628227 0
    endloop
  endfacet
  facet normal -0.1380974490427074 -0.6942627593342361 -0.7063485793639775
    outer loop
      vertex 15.156631430664062 9.589733833648573 0.8900000000000001
      vertex 15.272799741739908 10.472119760271264 0
      vertex 15.310582854123025 9.559110991546882 0.8900000000000001
    endloop
  endfacet
  facet normal -0.22753548059830664 -0.670297911006284 -0.7063485793639777
    outer loop
      vertex 15.310582854123025 9.559110991546882 0.8900000000000001
      vertex 15.540931804264268 10.418784976944153 0
      vertex 15.459220118838108 9.508655439013545 0.8900000000000001
    endloop
  endfacet
  facet normal -0.3130803169961193 -0.6348640795793218 -0.7063485793639781
    outer loop
      vertex 15.459220118838108 9.508655439013545 0.8900000000000001
      vertex 15.799808373643039 10.33090822294859 0
      vertex 15.6 9.439230484541326 0.8900000000000001
    endloop
  endfacet
  facet normal -0.3932682623678564 -0.5885675477331863 -0.7063485793639783
    outer loop
      vertex 15.730513714810465 9.352024008349483 0.8900000000000001
      vertex 15.6 9.439230484541326 0.8900000000000001
      vertex 16.045 10.209993093909477 0
    endloop
  endfacet
  facet normal -0.46672727873593106 -0.532200461963576 -0.7063485793639773
    outer loop
      vertex 15.730513714810465 9.352024008349483 0.8900000000000001
      vertex 16.272311386628225 10.058108481208683 0
      vertex 15.848528137423857 9.248528137423857 0.8900000000000001
    endloop
  endfacet
  facet normal -0.6942627593342368 0.13809744904269952 -0.7063485793639785
    outer loop
      vertex 16.159110991546882 8.089417145876975 0.8900000000000001
      vertex 16.18973383364857 8.243368569335939 0.8900000000000001
      vertex 17.072119760271264 8.127200258260093 0
    endloop
  endfacet
  facet normal -0.7063485793639777 0.04629653184614283 -0.706348579363978
    outer loop
      vertex 16.18973383364857 8.243368569335939 0.8900000000000001
      vertex 16.2 8.4 0.8900000000000001
      vertex 17.09 8.4 0
    endloop
  endfacet
  facet normal -0.706348579363977 -0.04629653184614279 -0.7063485793639783
    outer loop
      vertex 16.2 8.4 0.8900000000000001
      vertex 16.18973383364857 8.556631430664062 0.8900000000000001
      vertex 17.072119760271264 8.672799741739908 0
    endloop
  endfacet
  facet normal -0.6942627593342372 -0.1380974490426996 -0.7063485793639781
    outer loop
      vertex 16.159110991546882 8.710582854123025 0.8900000000000001
      vertex 17.018784976944154 8.940931804264268 0
      vertex 16.18973383364857 8.556631430664062 0.8900000000000001
    endloop
  endfacet
  facet normal -0.6702979110062809 -0.2275354805983136 -0.7063485793639783
    outer loop
      vertex 16.159110991546882 8.710582854123025 0.8900000000000001
      vertex 16.108655439013543 8.859220118838108 0.8900000000000001
      vertex 16.930908222948588 9.19980837364304 0
    endloop
  endfacet
  facet normal -0.5322004619635752 -0.4667272787359304 -0.7063485793639783
    outer loop
      vertex 15.848528137423857 9.248528137423857 0.8900000000000001
      vertex 16.477853172679886 9.877853172679885 0
      vertex 15.952024008349483 9.130513714810466 0.8900000000000001
    endloop
  endfacet
  facet normal -0.6348640795793293 -0.31308031699610706 -0.7063485793639767
    outer loop
      vertex 16.039230484541328 9 0.8900000000000001
      vertex 16.809993093909476 9.445 0
      vertex 16.108655439013543 8.859220118838108 0.8900000000000001
    endloop
  endfacet
  facet normal -0.5885675477331829 -0.39326826236786216 -0.7063485793639779
    outer loop
      vertex 15.952024008349483 9.130513714810466 0.8900000000000001
      vertex 16.658108481208682 9.672311386628227 0
      vertex 16.039230484541328 9 0.8900000000000001
    endloop
  endfacet
  facet normal -0.6942627593342365 0.13809744904270269 -0.7063485793639781
    outer loop
      vertex 16.159110991546882 8.089417145876975 0.8900000000000001
      vertex 17.072119760271264 8.127200258260093 0
      vertex 17.018784976944154 7.859068195735732 0
    endloop
  endfacet
  facet normal -0.7063485793639773 0.04629653184613946 -0.7063485793639783
    outer loop
      vertex 16.18973383364857 8.243368569335939 0.8900000000000001
      vertex 17.09 8.4 0
      vertex 17.072119760271264 8.127200258260093 0
    endloop
  endfacet
  facet normal -0.7063485793639775 -0.04629653184613953 -0.706348579363978
    outer loop
      vertex 16.2 8.4 0.8900000000000001
      vertex 17.072119760271264 8.672799741739908 0
      vertex 17.09 8.4 0
    endloop
  endfacet
  facet normal -0.6942627593342363 -0.13809744904270255 -0.7063485793639784
    outer loop
      vertex 16.18973383364857 8.556631430664062 0.8900000000000001
      vertex 17.018784976944154 8.940931804264268 0
      vertex 17.072119760271264 8.672799741739908 0
    endloop
  endfacet
  facet normal -0.138097449042707 -0.6942627593342362 -0.7063485793639777
    outer loop
      vertex 15.310582854123025 9.559110991546882 0.8900000000000001
      vertex 15.272799741739908 10.472119760271264 0
      vertex 15.540931804264268 10.418784976944153 0
    endloop
  endfacet
  facet normal -0.22753548059830364 -0.6702979110062847 -0.7063485793639781
    outer loop
      vertex 15.459220118838108 9.508655439013545 0.8900000000000001
      vertex 15.540931804264268 10.418784976944153 0
      vertex 15.799808373643039 10.33090822294859 0
    endloop
  endfacet
  facet normal -0.31308031699611893 -0.634864079579322 -0.7063485793639781
    outer loop
      vertex 15.6 9.439230484541326 0.8900000000000001
      vertex 15.799808373643039 10.33090822294859 0
      vertex 16.045 10.209993093909477 0
    endloop
  endfacet
  facet normal 0.7518398074789753 0.6593458151000713 3.549849800780882e-18
    outer loop
      vertex 14.151471862576143 51.151471862576145 0.8900000000000001
      vertex 14.047975991650517 51.26948628518954 0.8900000000000001
      vertex 14.047975991650517 51.26948628518954 2.4
    endloop
  endfacet
  facet normal 0.6593458151000776 0.7518398074789697 0
    outer loop
      vertex 14.151471862576143 51.151471862576145 0.8900000000000001
      vertex 14.151471862576143 51.151471862576145 2.4
      vertex 14.269486285189535 51.04797599165052 0.8900000000000001
    endloop
  endfacet
  facet normal 0.5555702330196042 0.8314696123025439 -1.9120011273131778e-18
    outer loop
      vertex 14.4 50.96076951545867 0.8900000000000001
      vertex 14.269486285189535 51.04797599165052 0.8900000000000001
      vertex 14.269486285189535 51.04797599165052 2.4
    endloop
  endfacet
  facet normal 0.1950903220161402 0.9807852804032281 0
    outer loop
      vertex 14.689417145876975 50.84088900845312 0.8900000000000001
      vertex 14.689417145876975 50.84088900845312 2.4
      vertex 14.843368569335938 50.810266166351425 0.8900000000000001
    endloop
  endfacet
  facet normal 0.44228869021900463 0.8968727415326867 0
    outer loop
      vertex 14.4 50.96076951545867 0.8900000000000001
      vertex 14.4 50.96076951545867 2.4
      vertex 14.540779881161892 50.891344560986454 0.8900000000000001
    endloop
  endfacet
  facet normal 0.32143946530315076 0.9469301294951094 0
    outer loop
      vertex 14.540779881161892 50.891344560986454 0.8900000000000001
      vertex 14.540779881161892 50.891344560986454 2.4
      vertex 14.689417145876975 50.84088900845312 0.8900000000000001
    endloop
  endfacet
  facet normal 0.06540312923014815 0.9978589232386031 0
    outer loop
      vertex 14.843368569335938 50.810266166351425 0.8900000000000001
      vertex 14.843368569335938 50.810266166351425 2.4
      vertex 15 50.8 0.8900000000000001
    endloop
  endfacet
  facet normal -0.06540312923014815 0.9978589232386031 0
    outer loop
      vertex 15 50.8 0.8900000000000001
      vertex 15 50.8 2.4
      vertex 15.156631430664062 50.810266166351425 0.8900000000000001
    endloop
  endfacet
  facet normal 0.7518398074789753 0.6593458151000713 0
    outer loop
      vertex 14.151471862576143 51.151471862576145 0.8900000000000001
      vertex 14.047975991650517 51.26948628518954 2.4
      vertex 14.151471862576143 51.151471862576145 2.4
    endloop
  endfacet
  facet normal 0.5555702330196042 0.8314696123025439 0
    outer loop
      vertex 14.4 50.96076951545867 0.8900000000000001
      vertex 14.269486285189535 51.04797599165052 2.4
      vertex 14.4 50.96076951545867 2.4
    endloop
  endfacet
  facet normal 0.6593458151000776 0.7518398074789697 0
    outer loop
      vertex 14.269486285189535 51.04797599165052 0.8900000000000001
      vertex 14.151471862576143 51.151471862576145 2.4
      vertex 14.269486285189535 51.04797599165052 2.4
    endloop
  endfacet
  facet normal 0.44228869021900463 0.8968727415326867 0
    outer loop
      vertex 14.540779881161892 50.891344560986454 0.8900000000000001
      vertex 14.4 50.96076951545867 2.4
      vertex 14.540779881161892 50.891344560986454 2.4
    endloop
  endfacet
  facet normal 0.32143946530315076 0.9469301294951094 0
    outer loop
      vertex 14.689417145876975 50.84088900845312 0.8900000000000001
      vertex 14.540779881161892 50.891344560986454 2.4
      vertex 14.689417145876975 50.84088900845312 2.4
    endloop
  endfacet
  facet normal 0.1950903220161402 0.9807852804032281 0
    outer loop
      vertex 14.843368569335938 50.810266166351425 0.8900000000000001
      vertex 14.689417145876975 50.84088900845312 2.4
      vertex 14.843368569335938 50.810266166351425 2.4
    endloop
  endfacet
  facet normal 0.06540312923014815 0.9978589232386031 0
    outer loop
      vertex 15 50.8 0.8900000000000001
      vertex 14.843368569335938 50.810266166351425 2.4
      vertex 15 50.8 2.4
    endloop
  endfacet
  facet normal -0.06540312923014815 0.9978589232386031 0
    outer loop
      vertex 15.156631430664062 50.810266166351425 0.8900000000000001
      vertex 15 50.8 2.4
      vertex 15.156631430664062 50.810266166351425 2.4
    endloop
  endfacet
  facet normal 0.8314696123025421 0.5555702330196068 0
    outer loop
      vertex 13.960769515458674 51.4 0.8900000000000001
      vertex 13.960769515458674 51.4 2.4
      vertex 14.047975991650517 51.26948628518954 0.8900000000000001
    endloop
  endfacet
  facet normal 0.8968727415326845 0.44228869021900913 -2.9670986620779495e-19
    outer loop
      vertex 13.960769515458674 51.4 0.8900000000000001
      vertex 13.891344560986456 51.54077988116189 0.8900000000000001
      vertex 13.891344560986456 51.54077988116189 2.4
    endloop
  endfacet
  facet normal 0.946930129495107 0.3214394653031575 0
    outer loop
      vertex 13.840889008453118 51.68941714587697 0.8900000000000001
      vertex 13.840889008453118 51.68941714587697 2.4
      vertex 13.891344560986456 51.54077988116189 0.8900000000000001
    endloop
  endfacet
  facet normal 0.9978589232386039 0.06540312923013615 -3.679132414684996e-19
    outer loop
      vertex 13.810266166351427 51.84336856933594 0.8900000000000001
      vertex 13.8 52 0.8900000000000001
      vertex 13.8 52 2.4
    endloop
  endfacet
  facet normal 0.9978589232386039 -0.06540312923013615 3.679132414684996e-19
    outer loop
      vertex 13.8 52 0.8900000000000001
      vertex 13.810266166351427 52.15663143066406 0.8900000000000001
      vertex 13.810266166351427 52.15663143066406 2.4
    endloop
  endfacet
  facet normal 0.9807852804032303 0.1950903220161293 -1.5153431002760791e-18
    outer loop
      vertex 13.840889008453118 51.68941714587697 0.8900000000000001
      vertex 13.810266166351427 51.84336856933594 0.8900000000000001
      vertex 13.810266166351427 51.84336856933594 2.4
    endloop
  endfacet
  facet normal 0.9807852804032303 -0.1950903220161293 1.5153431002760791e-18
    outer loop
      vertex 13.810266166351427 52.15663143066406 0.8900000000000001
      vertex 13.840889008453118 52.31058285412303 0.8900000000000001
      vertex 13.840889008453118 52.31058285412303 2.4
    endloop
  endfacet
  facet normal 0.946930129495107 -0.3214394653031575 -8.785405935354716e-19
    outer loop
      vertex 13.840889008453118 52.31058285412303 0.8900000000000001
      vertex 13.891344560986456 52.45922011883811 0.8900000000000001
      vertex 13.891344560986456 52.45922011883811 2.4
    endloop
  endfacet
  facet normal 0.8968727415326845 -0.44228869021900913 2.9670986620779495e-19
    outer loop
      vertex 13.891344560986456 52.45922011883811 0.8900000000000001
      vertex 13.960769515458674 52.6 0.8900000000000001
      vertex 13.960769515458674 52.6 2.4
    endloop
  endfacet
  facet normal 0.8314696123025421 -0.5555702330196068 1.1955915783484292e-19
    outer loop
      vertex 13.960769515458674 52.6 0.8900000000000001
      vertex 14.047975991650517 52.73051371481046 0.8900000000000001
      vertex 14.047975991650517 52.73051371481046 2.4
    endloop
  endfacet
  facet normal 0.7518398074789753 -0.6593458151000713 -3.549849800780882e-18
    outer loop
      vertex 14.047975991650517 52.73051371481046 0.8900000000000001
      vertex 14.151471862576143 52.848528137423855 0.8900000000000001
      vertex 14.151471862576143 52.848528137423855 2.4
    endloop
  endfacet
  facet normal 0.6593458151000776 -0.7518398074789697 2.6475335945767298e-18
    outer loop
      vertex 14.151471862576143 52.848528137423855 0.8900000000000001
      vertex 14.269486285189535 52.95202400834948 0.8900000000000001
      vertex 14.269486285189535 52.95202400834948 2.4
    endloop
  endfacet
  facet normal 0.5555702330196042 -0.8314696123025439 1.9120011273131778e-18
    outer loop
      vertex 14.269486285189535 52.95202400834948 0.8900000000000001
      vertex 14.4 53.03923048454133 0.8900000000000001
      vertex 14.4 53.03923048454133 2.4
    endloop
  endfacet
  facet normal 0.44228869021900463 -0.8968727415326867 9.638488422092512e-19
    outer loop
      vertex 14.4 53.03923048454133 0.8900000000000001
      vertex 14.540779881161892 53.108655439013546 0.8900000000000001
      vertex 14.540779881161892 53.108655439013546 2.4
    endloop
  endfacet
  facet normal 0.8968727415326845 0.44228869021900913 0
    outer loop
      vertex 13.960769515458674 51.4 0.8900000000000001
      vertex 13.891344560986456 51.54077988116189 2.4
      vertex 13.960769515458674 51.4 2.4
    endloop
  endfacet
  facet normal 0.946930129495107 0.3214394653031575 0
    outer loop
      vertex 13.891344560986456 51.54077988116189 0.8900000000000001
      vertex 13.840889008453118 51.68941714587697 2.4
      vertex 13.891344560986456 51.54077988116189 2.4
    endloop
  endfacet
  facet normal 0.9807852804032303 0.1950903220161293 0
    outer loop
      vertex 13.840889008453118 51.68941714587697 0.8900000000000001
      vertex 13.810266166351427 51.84336856933594 2.4
      vertex 13.840889008453118 51.68941714587697 2.4
    endloop
  endfacet
  facet normal 0.9978589232386039 0.06540312923013615 0
    outer loop
      vertex 13.810266166351427 51.84336856933594 0.8900000000000001
      vertex 13.8 52 2.4
      vertex 13.810266166351427 51.84336856933594 2.4
    endloop
  endfacet
  facet normal 0.9978589232386039 -0.06540312923013615 0
    outer loop
      vertex 13.8 52 0.8900000000000001
      vertex 13.810266166351427 52.15663143066406 2.4
      vertex 13.8 52 2.4
    endloop
  endfacet
  facet normal 0.8314696123025421 0.5555702330196068 0
    outer loop
      vertex 14.047975991650517 51.26948628518954 0.8900000000000001
      vertex 13.960769515458674 51.4 2.4
      vertex 14.047975991650517 51.26948628518954 2.4
    endloop
  endfacet
  facet normal 0.9807852804032303 -0.1950903220161293 0
    outer loop
      vertex 13.810266166351427 52.15663143066406 0.8900000000000001
      vertex 13.840889008453118 52.31058285412303 2.4
      vertex 13.810266166351427 52.15663143066406 2.4
    endloop
  endfacet
  facet normal 0.946930129495107 -0.3214394653031575 0
    outer loop
      vertex 13.840889008453118 52.31058285412303 0.8900000000000001
      vertex 13.891344560986456 52.45922011883811 2.4
      vertex 13.840889008453118 52.31058285412303 2.4
    endloop
  endfacet
  facet normal 0.8968727415326845 -0.44228869021900913 0
    outer loop
      vertex 13.891344560986456 52.45922011883811 0.8900000000000001
      vertex 13.960769515458674 52.6 2.4
      vertex 13.891344560986456 52.45922011883811 2.4
    endloop
  endfacet
  facet normal 0.8314696123025421 -0.5555702330196068 0
    outer loop
      vertex 13.960769515458674 52.6 0.8900000000000001
      vertex 14.047975991650517 52.73051371481046 2.4
      vertex 13.960769515458674 52.6 2.4
    endloop
  endfacet
  facet normal 0.7518398074789753 -0.6593458151000713 0
    outer loop
      vertex 14.047975991650517 52.73051371481046 0.8900000000000001
      vertex 14.151471862576143 52.848528137423855 2.4
      vertex 14.047975991650517 52.73051371481046 2.4
    endloop
  endfacet
  facet normal 0.6593458151000776 -0.7518398074789697 0
    outer loop
      vertex 14.151471862576143 52.848528137423855 0.8900000000000001
      vertex 14.269486285189535 52.95202400834948 2.4
      vertex 14.151471862576143 52.848528137423855 2.4
    endloop
  endfacet
  facet normal 0.5555702330196042 -0.8314696123025439 0
    outer loop
      vertex 14.269486285189535 52.95202400834948 0.8900000000000001
      vertex 14.4 53.03923048454133 2.4
      vertex 14.269486285189535 52.95202400834948 2.4
    endloop
  endfacet
  facet normal 0.44228869021900463 -0.8968727415326867 0
    outer loop
      vertex 14.4 53.03923048454133 0.8900000000000001
      vertex 14.540779881161892 53.108655439013546 2.4
      vertex 14.4 53.03923048454133 2.4
    endloop
  endfacet
  facet normal 0.32143946530315076 -0.9469301294951094 6.52642207630803e-20
    outer loop
      vertex 14.540779881161892 53.108655439013546 0.8900000000000001
      vertex 14.689417145876975 53.15911099154688 0.8900000000000001
      vertex 14.689417145876975 53.15911099154688 2.4
    endloop
  endfacet
  facet normal 0.1950903220161402 -0.9807852804032281 -1.0736484324874349e-18
    outer loop
      vertex 14.689417145876975 53.15911099154688 0.8900000000000001
      vertex 14.843368569335938 53.189733833648575 0.8900000000000001
      vertex 14.843368569335938 53.189733833648575 2.4
    endloop
  endfacet
  facet normal 0.06540312923014815 -0.9978589232386031 3.900941945253763e-19
    outer loop
      vertex 14.843368569335938 53.189733833648575 0.8900000000000001
      vertex 15 53.2 0.8900000000000001
      vertex 15 53.2 2.4
    endloop
  endfacet
  facet normal -0.06540312923014815 -0.9978589232386031 -3.900941945253763e-19
    outer loop
      vertex 15 53.2 0.8900000000000001
      vertex 15.156631430664062 53.189733833648575 0.8900000000000001
      vertex 15.156631430664062 53.189733833648575 2.4
    endloop
  endfacet
  facet normal 0.32143946530315076 -0.9469301294951094 0
    outer loop
      vertex 14.540779881161892 53.108655439013546 0.8900000000000001
      vertex 14.689417145876975 53.15911099154688 2.4
      vertex 14.540779881161892 53.108655439013546 2.4
    endloop
  endfacet
  facet normal 0.1950903220161402 -0.9807852804032281 0
    outer loop
      vertex 14.689417145876975 53.15911099154688 0.8900000000000001
      vertex 14.843368569335938 53.189733833648575 2.4
      vertex 14.689417145876975 53.15911099154688 2.4
    endloop
  endfacet
  facet normal 0.06540312923014815 -0.9978589232386031 0
    outer loop
      vertex 14.843368569335938 53.189733833648575 0.8900000000000001
      vertex 15 53.2 2.4
      vertex 14.843368569335938 53.189733833648575 2.4
    endloop
  endfacet
  facet normal -0.06540312923014815 -0.9978589232386031 0
    outer loop
      vertex 15 53.2 0.8900000000000001
      vertex 15.156631430664062 53.189733833648575 2.4
      vertex 15 53.2 2.4
    endloop
  endfacet
  facet normal -0.1950903220161402 0.9807852804032281 0
    outer loop
      vertex 15.156631430664062 50.810266166351425 0.8900000000000001
      vertex 15.156631430664062 50.810266166351425 2.4
      vertex 15.310582854123025 50.84088900845312 0.8900000000000001
    endloop
  endfacet
  facet normal -0.32143946530315076 0.9469301294951094 0
    outer loop
      vertex 15.310582854123025 50.84088900845312 0.8900000000000001
      vertex 15.310582854123025 50.84088900845312 2.4
      vertex 15.459220118838108 50.891344560986454 0.8900000000000001
    endloop
  endfacet
  facet normal -0.44228869021900463 0.8968727415326867 0
    outer loop
      vertex 15.459220118838108 50.891344560986454 0.8900000000000001
      vertex 15.459220118838108 50.891344560986454 2.4
      vertex 15.6 50.96076951545867 0.8900000000000001
    endloop
  endfacet
  facet normal -0.5555702330196042 0.8314696123025439 0
    outer loop
      vertex 15.6 50.96076951545867 0.8900000000000001
      vertex 15.6 50.96076951545867 2.4
      vertex 15.730513714810465 51.04797599165052 0.8900000000000001
    endloop
  endfacet
  facet normal -0.6593458151000776 0.7518398074789697 0
    outer loop
      vertex 15.730513714810465 51.04797599165052 0.8900000000000001
      vertex 15.730513714810465 51.04797599165052 2.4
      vertex 15.848528137423857 51.151471862576145 0.8900000000000001
    endloop
  endfacet
  facet normal -0.7518398074789753 0.6593458151000713 0
    outer loop
      vertex 15.848528137423857 51.151471862576145 0.8900000000000001
      vertex 15.848528137423857 51.151471862576145 2.4
      vertex 15.952024008349483 51.26948628518954 0.8900000000000001
    endloop
  endfacet
  facet normal -0.1950903220161402 0.9807852804032281 0
    outer loop
      vertex 15.310582854123025 50.84088900845312 0.8900000000000001
      vertex 15.156631430664062 50.810266166351425 2.4
      vertex 15.310582854123025 50.84088900845312 2.4
    endloop
  endfacet
  facet normal -0.32143946530315076 0.9469301294951094 0
    outer loop
      vertex 15.459220118838108 50.891344560986454 0.8900000000000001
      vertex 15.310582854123025 50.84088900845312 2.4
      vertex 15.459220118838108 50.891344560986454 2.4
    endloop
  endfacet
  facet normal -0.44228869021900463 0.8968727415326867 0
    outer loop
      vertex 15.6 50.96076951545867 0.8900000000000001
      vertex 15.459220118838108 50.891344560986454 2.4
      vertex 15.6 50.96076951545867 2.4
    endloop
  endfacet
  facet normal -0.5555702330196042 0.8314696123025439 0
    outer loop
      vertex 15.730513714810465 51.04797599165052 0.8900000000000001
      vertex 15.6 50.96076951545867 2.4
      vertex 15.730513714810465 51.04797599165052 2.4
    endloop
  endfacet
  facet normal -0.6593458151000776 0.7518398074789697 0
    outer loop
      vertex 15.848528137423857 51.151471862576145 0.8900000000000001
      vertex 15.730513714810465 51.04797599165052 2.4
      vertex 15.848528137423857 51.151471862576145 2.4
    endloop
  endfacet
  facet normal -0.7518398074789753 0.6593458151000713 0
    outer loop
      vertex 15.952024008349483 51.26948628518954 0.8900000000000001
      vertex 15.848528137423857 51.151471862576145 2.4
      vertex 15.952024008349483 51.26948628518954 2.4
    endloop
  endfacet
  facet normal -0.44228869021900463 -0.8968727415326867 0
    outer loop
      vertex 15.6 53.03923048454133 0.8900000000000001
      vertex 15.6 53.03923048454133 2.4
      vertex 15.459220118838108 53.108655439013546 0.8900000000000001
    endloop
  endfacet
  facet normal -0.5555702330196042 -0.8314696123025439 -1.9120011273131778e-18
    outer loop
      vertex 15.6 53.03923048454133 0.8900000000000001
      vertex 15.730513714810465 52.95202400834948 0.8900000000000001
      vertex 15.730513714810465 52.95202400834948 2.4
    endloop
  endfacet
  facet normal -0.7518398074789753 -0.6593458151000713 3.549849800780882e-18
    outer loop
      vertex 15.848528137423857 52.848528137423855 0.8900000000000001
      vertex 15.952024008349483 52.73051371481046 0.8900000000000001
      vertex 15.952024008349483 52.73051371481046 2.4
    endloop
  endfacet
  facet normal -0.6593458151000776 -0.7518398074789697 0
    outer loop
      vertex 15.848528137423857 52.848528137423855 0.8900000000000001
      vertex 15.848528137423857 52.848528137423855 2.4
      vertex 15.730513714810465 52.95202400834948 0.8900000000000001
    endloop
  endfacet
  facet normal -0.8314696123025369 0.5555702330196146 0
    outer loop
      vertex 15.952024008349483 51.26948628518954 0.8900000000000001
      vertex 15.952024008349483 51.26948628518954 2.4
      vertex 16.039230484541328 51.4 0.8900000000000001
    endloop
  endfacet
  facet normal -0.8968727415326935 0.442288690218991 0
    outer loop
      vertex 16.039230484541328 51.4 0.8900000000000001
      vertex 16.039230484541328 51.4 2.4
      vertex 16.108655439013543 51.54077988116189 0.8900000000000001
    endloop
  endfacet
  facet normal -0.9469301294951036 0.3214394653031676 0
    outer loop
      vertex 16.108655439013543 51.54077988116189 0.8900000000000001
      vertex 16.108655439013543 51.54077988116189 2.4
      vertex 16.159110991546882 51.68941714587697 0.8900000000000001
    endloop
  endfacet
  facet normal -0.9807852804032323 0.1950903220161184 0
    outer loop
      vertex 16.159110991546882 51.68941714587697 0.8900000000000001
      vertex 16.159110991546882 51.68941714587697 2.4
      vertex 16.18973383364857 51.84336856933594 0.8900000000000001
    endloop
  endfacet
  facet normal -0.9978589232386033 0.06540312923014742 0
    outer loop
      vertex 16.18973383364857 51.84336856933594 0.8900000000000001
      vertex 16.18973383364857 51.84336856933594 2.4
      vertex 16.2 52 0.8900000000000001
    endloop
  endfacet
  facet normal -0.9978589232386033 -0.06540312923014742 0
    outer loop
      vertex 16.2 52 0.8900000000000001
      vertex 16.2 52 2.4
      vertex 16.18973383364857 52.15663143066406 0.8900000000000001
    endloop
  endfacet
  facet normal -0.9469301294951036 -0.3214394653031676 0
    outer loop
      vertex 16.159110991546882 52.31058285412303 0.8900000000000001
      vertex 16.159110991546882 52.31058285412303 2.4
      vertex 16.108655439013543 52.45922011883811 0.8900000000000001
    endloop
  endfacet
  facet normal -0.8314696123025369 -0.5555702330196146 0
    outer loop
      vertex 16.039230484541328 52.6 0.8900000000000001
      vertex 16.039230484541328 52.6 2.4
      vertex 15.952024008349483 52.73051371481046 0.8900000000000001
    endloop
  endfacet
  facet normal -0.8968727415326935 -0.442288690218991 2.0248083155617584e-18
    outer loop
      vertex 16.039230484541328 52.6 0.8900000000000001
      vertex 16.108655439013543 52.45922011883811 0.8900000000000001
      vertex 16.108655439013543 52.45922011883811 2.4
    endloop
  endfacet
  facet normal -0.9807852804032323 -0.1950903220161184 -4.449037963352547e-19
    outer loop
      vertex 16.159110991546882 52.31058285412303 0.8900000000000001
      vertex 16.18973383364857 52.15663143066406 0.8900000000000001
      vertex 16.18973383364857 52.15663143066406 2.4
    endloop
  endfacet
  facet normal -0.44228869021900463 -0.8968727415326867 0
    outer loop
      vertex 15.459220118838108 53.108655439013546 0.8900000000000001
      vertex 15.6 53.03923048454133 2.4
      vertex 15.459220118838108 53.108655439013546 2.4
    endloop
  endfacet
  facet normal -0.5555702330196042 -0.8314696123025439 0
    outer loop
      vertex 15.6 53.03923048454133 0.8900000000000001
      vertex 15.730513714810465 52.95202400834948 2.4
      vertex 15.6 53.03923048454133 2.4
    endloop
  endfacet
  facet normal -0.7518398074789753 -0.6593458151000713 0
    outer loop
      vertex 15.848528137423857 52.848528137423855 0.8900000000000001
      vertex 15.952024008349483 52.73051371481046 2.4
      vertex 15.848528137423857 52.848528137423855 2.4
    endloop
  endfacet
  facet normal -0.6593458151000776 -0.7518398074789697 0
    outer loop
      vertex 15.730513714810465 52.95202400834948 0.8900000000000001
      vertex 15.848528137423857 52.848528137423855 2.4
      vertex 15.730513714810465 52.95202400834948 2.4
    endloop
  endfacet
  facet normal -0.8314696123025369 0.5555702330196146 0
    outer loop
      vertex 16.039230484541328 51.4 0.8900000000000001
      vertex 15.952024008349483 51.26948628518954 2.4
      vertex 16.039230484541328 51.4 2.4
    endloop
  endfacet
  facet normal -0.8968727415326935 0.442288690218991 0
    outer loop
      vertex 16.108655439013543 51.54077988116189 0.8900000000000001
      vertex 16.039230484541328 51.4 2.4
      vertex 16.108655439013543 51.54077988116189 2.4
    endloop
  endfacet
  facet normal -0.9469301294951036 0.3214394653031676 0
    outer loop
      vertex 16.159110991546882 51.68941714587697 0.8900000000000001
      vertex 16.108655439013543 51.54077988116189 2.4
      vertex 16.159110991546882 51.68941714587697 2.4
    endloop
  endfacet
  facet normal -0.9807852804032323 0.1950903220161184 0
    outer loop
      vertex 16.18973383364857 51.84336856933594 0.8900000000000001
      vertex 16.159110991546882 51.68941714587697 2.4
      vertex 16.18973383364857 51.84336856933594 2.4
    endloop
  endfacet
  facet normal -0.9978589232386033 0.06540312923014742 0
    outer loop
      vertex 16.2 52 0.8900000000000001
      vertex 16.18973383364857 51.84336856933594 2.4
      vertex 16.2 52 2.4
    endloop
  endfacet
  facet normal -0.9978589232386033 -0.06540312923014742 0
    outer loop
      vertex 16.18973383364857 52.15663143066406 0.8900000000000001
      vertex 16.2 52 2.4
      vertex 16.18973383364857 52.15663143066406 2.4
    endloop
  endfacet
  facet normal -0.9469301294951036 -0.3214394653031676 0
    outer loop
      vertex 16.108655439013543 52.45922011883811 0.8900000000000001
      vertex 16.159110991546882 52.31058285412303 2.4
      vertex 16.108655439013543 52.45922011883811 2.4
    endloop
  endfacet
  facet normal -0.8968727415326935 -0.442288690218991 0
    outer loop
      vertex 16.039230484541328 52.6 0.8900000000000001
      vertex 16.108655439013543 52.45922011883811 2.4
      vertex 16.039230484541328 52.6 2.4
    endloop
  endfacet
  facet normal -0.9807852804032323 -0.1950903220161184 0
    outer loop
      vertex 16.159110991546882 52.31058285412303 0.8900000000000001
      vertex 16.18973383364857 52.15663143066406 2.4
      vertex 16.159110991546882 52.31058285412303 2.4
    endloop
  endfacet
  facet normal -0.8314696123025369 -0.5555702330196146 0
    outer loop
      vertex 15.952024008349483 52.73051371481046 0.8900000000000001
      vertex 16.039230484541328 52.6 2.4
      vertex 15.952024008349483 52.73051371481046 2.4
    endloop
  endfacet
  facet normal -0.1950903220161402 -0.9807852804032281 1.0736484324874349e-18
    outer loop
      vertex 15.156631430664062 53.189733833648575 0.8900000000000001
      vertex 15.310582854123025 53.15911099154688 0.8900000000000001
      vertex 15.310582854123025 53.15911099154688 2.4
    endloop
  endfacet
  facet normal -0.32143946530315076 -0.9469301294951094 -6.52642207630803e-20
    outer loop
      vertex 15.310582854123025 53.15911099154688 0.8900000000000001
      vertex 15.459220118838108 53.108655439013546 0.8900000000000001
      vertex 15.459220118838108 53.108655439013546 2.4
    endloop
  endfacet
  facet normal -0.1950903220161402 -0.9807852804032281 0
    outer loop
      vertex 15.156631430664062 53.189733833648575 0.8900000000000001
      vertex 15.310582854123025 53.15911099154688 2.4
      vertex 15.156631430664062 53.189733833648575 2.4
    endloop
  endfacet
  facet normal -0.32143946530315076 -0.9469301294951094 0
    outer loop
      vertex 15.310582854123025 53.15911099154688 0.8900000000000001
      vertex 15.459220118838108 53.108655439013546 2.4
      vertex 15.310582854123025 53.15911099154688 2.4
    endloop
  endfacet
  facet normal 0.6348640795793254 0.31308031699611577 -0.7063485793639764
    outer loop
      vertex 13.891344560986456 51.54077988116189 0.8900000000000001
      vertex 13.190006906090522 50.955000000000005 0
      vertex 13.06909177705141 51.20019162635697 0
    endloop
  endfacet
  facet normal 0.5885675477331874 0.3932682623678574 -0.7063485793639769
    outer loop
      vertex 13.960769515458674 51.4 0.8900000000000001
      vertex 13.341891518791318 50.727688613371775 0
      vertex 13.190006906090522 50.955000000000005 0
    endloop
  endfacet
  facet normal 0.7063485793639778 0.04629653184613924 -0.706348579363978
    outer loop
      vertex 13.8 52 0.8900000000000001
      vertex 12.927880239728736 51.72720025826009 0
      vertex 12.91 52 0
    endloop
  endfacet
  facet normal 0.7063485793639781 -0.046296531846139286 -0.7063485793639775
    outer loop
      vertex 13.810266166351427 52.15663143066406 0.8900000000000001
      vertex 12.91 52 0
      vertex 12.927880239728736 52.27279974173991 0
    endloop
  endfacet
  facet normal 0.6702979110062832 0.2275354805983096 -0.7063485793639773
    outer loop
      vertex 13.840889008453118 51.68941714587697 0.8900000000000001
      vertex 13.06909177705141 51.20019162635697 0
      vertex 12.981215023055848 51.45906819573573 0
    endloop
  endfacet
  facet normal 0.6942627593342361 0.13809744904270788 -0.7063485793639777
    outer loop
      vertex 13.810266166351427 51.84336856933594 0.8900000000000001
      vertex 12.981215023055848 51.45906819573573 0
      vertex 12.927880239728736 51.72720025826009 0
    endloop
  endfacet
  facet normal 0.6942627593342361 -0.1380974490427081 -0.7063485793639774
    outer loop
      vertex 13.840889008453118 52.31058285412303 0.8900000000000001
      vertex 12.927880239728736 52.27279974173991 0
      vertex 12.981215023055848 52.54093180426427 0
    endloop
  endfacet
  facet normal 0.6702979110062838 -0.22753548059830972 -0.7063485793639768
    outer loop
      vertex 13.891344560986456 52.45922011883811 0.8900000000000001
      vertex 12.981215023055848 52.54093180426427 0
      vertex 13.06909177705141 52.79980837364303 0
    endloop
  endfacet
  facet normal 0.6348640795793247 -0.31308031699611577 -0.7063485793639771
    outer loop
      vertex 13.960769515458674 52.6 0.8900000000000001
      vertex 13.06909177705141 52.79980837364303 0
      vertex 13.190006906090522 53.044999999999995 0
    endloop
  endfacet
  facet normal 0.5885675477331866 -0.39326826236785695 -0.7063485793639777
    outer loop
      vertex 14.047975991650517 52.73051371481046 0.8900000000000001
      vertex 13.190006906090522 53.044999999999995 0
      vertex 13.341891518791318 53.272311386628225 0
    endloop
  endfacet
  facet normal 0.6702979110062859 0.22753548059830456 -0.7063485793639767
    outer loop
      vertex 13.840889008453118 51.68941714587697 0.8900000000000001
      vertex 13.891344560986456 51.54077988116189 0.8900000000000001
      vertex 13.06909177705141 51.20019162635697 0
    endloop
  endfacet
  facet normal 0.6942627593342362 0.13809744904270743 -0.7063485793639775
    outer loop
      vertex 13.840889008453118 51.68941714587697 0.8900000000000001
      vertex 12.981215023055848 51.45906819573573 0
      vertex 13.810266166351427 51.84336856933594 0.8900000000000001
    endloop
  endfacet
  facet normal 0.7063485793639787 0.046296531846134366 -0.7063485793639775
    outer loop
      vertex 13.810266166351427 51.84336856933594 0.8900000000000001
      vertex 12.927880239728736 51.72720025826009 0
      vertex 13.8 52 0.8900000000000001
    endloop
  endfacet
  facet normal 0.7063485793639779 -0.04629653184613431 -0.7063485793639781
    outer loop
      vertex 13.8 52 0.8900000000000001
      vertex 12.91 52 0
      vertex 13.810266166351427 52.15663143066406 0.8900000000000001
    endloop
  endfacet
  facet normal 0.6942627593342361 -0.1380974490427074 -0.7063485793639775
    outer loop
      vertex 13.810266166351427 52.15663143066406 0.8900000000000001
      vertex 12.927880239728736 52.27279974173991 0
      vertex 13.840889008453118 52.31058285412303 0.8900000000000001
    endloop
  endfacet
  facet normal 0.670297911006285 -0.22753548059830428 -0.7063485793639774
    outer loop
      vertex 13.840889008453118 52.31058285412303 0.8900000000000001
      vertex 12.981215023055848 52.54093180426427 0
      vertex 13.891344560986456 52.45922011883811 0.8900000000000001
    endloop
  endfacet
  facet normal 0.5322004619635794 0.46672727873592607 -0.706348579363978
    outer loop
      vertex 14.047975991650517 51.26948628518954 0.8900000000000001
      vertex 13.522146827320116 50.522146827320114 0
      vertex 13.341891518791318 50.727688613371775 0
    endloop
  endfacet
  facet normal 0.4667272787359225 0.532200461963582 -0.7063485793639784
    outer loop
      vertex 14.151471862576143 51.151471862576145 0.8900000000000001
      vertex 13.727688613371773 50.34189151879132 0
      vertex 13.522146827320116 50.522146827320114 0
    endloop
  endfacet
  facet normal 0.39326826236786483 0.5885675477331823 -0.7063485793639768
    outer loop
      vertex 14.269486285189535 51.04797599165052 0.8900000000000001
      vertex 13.955 50.190006906090524 0
      vertex 13.727688613371773 50.34189151879132 0
    endloop
  endfacet
  facet normal 0.313080316996132 0.634864079579316 -0.7063485793639777
    outer loop
      vertex 14.4 50.96076951545867 0.8900000000000001
      vertex 14.200191626356961 50.069091777051405 0
      vertex 13.955 50.190006906090524 0
    endloop
  endfacet
  facet normal 0.2275354805982952 0.6702979110062863 -0.7063485793639791
    outer loop
      vertex 14.540779881161892 50.891344560986454 0.8900000000000001
      vertex 14.459068195735732 49.981215023055846 0
      vertex 14.200191626356961 50.069091777051405 0
    endloop
  endfacet
  facet normal 0.13809744904272012 0.6942627593342324 -0.7063485793639788
    outer loop
      vertex 14.689417145876975 50.84088900845312 0.8900000000000001
      vertex 14.727200258260092 49.92788023972873 0
      vertex 14.459068195735732 49.981215023055846 0
    endloop
  endfacet
  facet normal 0.04629653184613027 0.7063485793639769 -0.7063485793639794
    outer loop
      vertex 14.843368569335938 50.810266166351425 0.8900000000000001
      vertex 15 49.91 0
      vertex 14.727200258260092 49.92788023972873 0
    endloop
  endfacet
  facet normal -0.04629653184613014 0.7063485793639779 -0.7063485793639783
    outer loop
      vertex 15 50.8 0.8900000000000001
      vertex 15.272799741739908 49.92788023972873 0
      vertex 15 49.91 0
    endloop
  endfacet
  facet normal 0.6348640795793209 0.3130803169961229 -0.7063485793639773
    outer loop
      vertex 13.960769515458674 51.4 0.8900000000000001
      vertex 13.190006906090522 50.955000000000005 0
      vertex 13.891344560986456 51.54077988116189 0.8900000000000001
    endloop
  endfacet
  facet normal 0.5885675477331817 0.393268262367864 -0.7063485793639779
    outer loop
      vertex 13.960769515458674 51.4 0.8900000000000001
      vertex 14.047975991650517 51.26948628518954 0.8900000000000001
      vertex 13.341891518791318 50.727688613371775 0
    endloop
  endfacet
  facet normal 0.5322004619635748 0.46672727873593006 -0.7063485793639787
    outer loop
      vertex 14.151471862576143 51.151471862576145 0.8900000000000001
      vertex 13.522146827320116 50.522146827320114 0
      vertex 14.047975991650517 51.26948628518954 0.8900000000000001
    endloop
  endfacet
  facet normal 0.46672727873593606 0.5322004619635725 -0.7063485793639764
    outer loop
      vertex 14.151471862576143 51.151471862576145 0.8900000000000001
      vertex 14.269486285189535 51.04797599165052 0.8900000000000001
      vertex 13.727688613371773 50.34189151879132 0
    endloop
  endfacet
  facet normal 0.3932682623678626 0.5885675477331835 -0.7063485793639772
    outer loop
      vertex 14.4 50.96076951545867 0.8900000000000001
      vertex 13.955 50.190006906090524 0
      vertex 14.269486285189535 51.04797599165052 0.8900000000000001
    endloop
  endfacet
  facet normal 0.31308031699611877 0.6348640795793206 -0.7063485793639793
    outer loop
      vertex 14.4 50.96076951545867 0.8900000000000001
      vertex 14.540779881161892 50.891344560986454 0.8900000000000001
      vertex 14.200191626356961 50.069091777051405 0
    endloop
  endfacet
  facet normal 0.22753548059829917 0.6702979110062856 -0.7063485793639784
    outer loop
      vertex 14.540779881161892 50.891344560986454 0.8900000000000001
      vertex 14.689417145876975 50.84088900845312 0.8900000000000001
      vertex 14.459068195735732 49.981215023055846 0
    endloop
  endfacet
  facet normal 0.1380974490427148 0.6942627593342329 -0.7063485793639794
    outer loop
      vertex 14.689417145876975 50.84088900845312 0.8900000000000001
      vertex 14.843368569335938 50.810266166351425 0.8900000000000001
      vertex 14.727200258260092 49.92788023972873 0
    endloop
  endfacet
  facet normal 0.04629653184614283 0.7063485793639777 -0.706348579363978
    outer loop
      vertex 14.843368569335938 50.810266166351425 0.8900000000000001
      vertex 15 50.8 0.8900000000000001
      vertex 15 49.91 0
    endloop
  endfacet
  facet normal -0.0462965318461427 0.7063485793639755 -0.7063485793639798
    outer loop
      vertex 15 50.8 0.8900000000000001
      vertex 15.156631430664062 50.810266166351425 0.8900000000000001
      vertex 15.272799741739908 49.92788023972873 0
    endloop
  endfacet
  facet normal 0.6348640795793221 -0.31308031699612343 -0.7063485793639761
    outer loop
      vertex 13.891344560986456 52.45922011883811 0.8900000000000001
      vertex 13.06909177705141 52.79980837364303 0
      vertex 13.960769515458674 52.6 0.8900000000000001
    endloop
  endfacet
  facet normal 0.5885675477331828 -0.3932682623678648 -0.7063485793639768
    outer loop
      vertex 13.960769515458674 52.6 0.8900000000000001
      vertex 13.190006906090522 53.044999999999995 0
      vertex 14.047975991650517 52.73051371481046 0.8900000000000001
    endloop
  endfacet
  facet normal 0.5322004619635756 -0.46672727873593073 -0.7063485793639777
    outer loop
      vertex 14.047975991650517 52.73051371481046 0.8900000000000001
      vertex 13.341891518791318 53.272311386628225 0
      vertex 14.151471862576143 52.848528137423855 0.8900000000000001
    endloop
  endfacet
  facet normal 0.46672727873593445 -0.5322004619635706 -0.706348579363979
    outer loop
      vertex 14.151471862576143 52.848528137423855 0.8900000000000001
      vertex 13.522146827320116 53.477853172679886 0
      vertex 14.269486285189535 52.95202400834948 0.8900000000000001
    endloop
  endfacet
  facet normal 0.5322004619635791 -0.4667272787359256 -0.7063485793639787
    outer loop
      vertex 14.151471862576143 52.848528137423855 0.8900000000000001
      vertex 13.341891518791318 53.272311386628225 0
      vertex 13.522146827320116 53.477853172679886 0
    endloop
  endfacet
  facet normal 0.4667272787359234 -0.532200461963583 -0.7063485793639771
    outer loop
      vertex 14.269486285189535 52.95202400834948 0.8900000000000001
      vertex 13.522146827320116 53.477853172679886 0
      vertex 13.727688613371773 53.65810848120868 0
    endloop
  endfacet
  facet normal 0.3932682623678649 -0.5885675477331821 -0.7063485793639771
    outer loop
      vertex 14.4 53.03923048454133 0.8900000000000001
      vertex 13.727688613371773 53.65810848120868 0
      vertex 13.955 53.809993093909476 0
    endloop
  endfacet
  facet normal 0.31308031699613137 -0.634864079579315 -0.7063485793639789
    outer loop
      vertex 14.540779881161892 53.108655439013546 0.8900000000000001
      vertex 13.955 53.809993093909476 0
      vertex 14.200191626356961 53.930908222948595 0
    endloop
  endfacet
  facet normal 0.22753548059829531 -0.6702979110062867 -0.7063485793639787
    outer loop
      vertex 14.689417145876975 53.15911099154688 0.8900000000000001
      vertex 14.200191626356961 53.930908222948595 0
      vertex 14.459068195735732 54.018784976944154 0
    endloop
  endfacet
  facet normal 0.13809744904271995 -0.694262759334232 -0.7063485793639792
    outer loop
      vertex 14.843368569335938 53.189733833648575 0.8900000000000001
      vertex 14.459068195735732 54.018784976944154 0
      vertex 14.727200258260092 54.07211976027127 0
    endloop
  endfacet
  facet normal 0.04629653184613014 -0.7063485793639779 -0.7063485793639783
    outer loop
      vertex 15 53.2 0.8900000000000001
      vertex 14.727200258260092 54.07211976027127 0
      vertex 15 54.09 0
    endloop
  endfacet
  facet normal -0.04629653184613027 -0.7063485793639769 -0.7063485793639794
    outer loop
      vertex 15.156631430664062 53.189733833648575 0.8900000000000001
      vertex 15 54.09 0
      vertex 15.272799741739908 54.07211976027127 0
    endloop
  endfacet
  facet normal 0.39326826236786283 -0.5885675477331839 -0.7063485793639768
    outer loop
      vertex 14.269486285189535 52.95202400834948 0.8900000000000001
      vertex 13.727688613371773 53.65810848120868 0
      vertex 14.4 53.03923048454133 0.8900000000000001
    endloop
  endfacet
  facet normal 0.3130803169961197 -0.6348640795793226 -0.7063485793639772
    outer loop
      vertex 14.4 53.03923048454133 0.8900000000000001
      vertex 13.955 53.809993093909476 0
      vertex 14.540779881161892 53.108655439013546 0.8900000000000001
    endloop
  endfacet
  facet normal 0.22753548059829898 -0.670297911006285 -0.7063485793639791
    outer loop
      vertex 14.540779881161892 53.108655439013546 0.8900000000000001
      vertex 14.200191626356961 53.930908222948595 0
      vertex 14.689417145876975 53.15911099154688 0.8900000000000001
    endloop
  endfacet
  facet normal 0.13809744904271493 -0.6942627593342335 -0.7063485793639787
    outer loop
      vertex 14.689417145876975 53.15911099154688 0.8900000000000001
      vertex 14.459068195735732 54.018784976944154 0
      vertex 14.843368569335938 53.189733833648575 0.8900000000000001
    endloop
  endfacet
  facet normal 0.0462965318461427 -0.7063485793639755 -0.7063485793639798
    outer loop
      vertex 14.843368569335938 53.189733833648575 0.8900000000000001
      vertex 14.727200258260092 54.07211976027127 0
      vertex 15 53.2 0.8900000000000001
    endloop
  endfacet
  facet normal -0.04629653184614283 -0.7063485793639777 -0.706348579363978
    outer loop
      vertex 15 53.2 0.8900000000000001
      vertex 15 54.09 0
      vertex 15.156631430664062 53.189733833648575 0.8900000000000001
    endloop
  endfacet
  facet normal -0.13809744904271995 0.694262759334232 -0.7063485793639792
    outer loop
      vertex 15.156631430664062 50.810266166351425 0.8900000000000001
      vertex 15.540931804264268 49.981215023055846 0
      vertex 15.272799741739908 49.92788023972873 0
    endloop
  endfacet
  facet normal -0.22753548059829531 0.6702979110062867 -0.7063485793639787
    outer loop
      vertex 15.310582854123025 50.84088900845312 0.8900000000000001
      vertex 15.799808373643039 50.069091777051405 0
      vertex 15.540931804264268 49.981215023055846 0
    endloop
  endfacet
  facet normal -0.3130803169961296 0.6348640795793158 -0.7063485793639789
    outer loop
      vertex 15.459220118838108 50.891344560986454 0.8900000000000001
      vertex 16.045 50.190006906090524 0
      vertex 15.799808373643039 50.069091777051405 0
    endloop
  endfacet
  facet normal -0.39326826236786894 0.5885675477331791 -0.7063485793639773
    outer loop
      vertex 15.6 50.96076951545867 0.8900000000000001
      vertex 16.272311386628225 50.34189151879132 0
      vertex 16.045 50.190006906090524 0
    endloop
  endfacet
  facet normal -0.46672727873591896 0.5322004619635873 -0.7063485793639768
    outer loop
      vertex 15.730513714810465 51.04797599165052 0.8900000000000001
      vertex 16.477853172679886 50.522146827320114 0
      vertex 16.272311386628225 50.34189151879132 0
    endloop
  endfacet
  facet normal -0.532200461963581 0.4667272787359227 -0.706348579363979
    outer loop
      vertex 15.848528137423857 51.151471862576145 0.8900000000000001
      vertex 16.658108481208682 50.727688613371775 0
      vertex 16.477853172679886 50.522146827320114 0
    endloop
  endfacet
  facet normal -0.5885675477331889 0.39326826236785395 -0.7063485793639775
    outer loop
      vertex 15.952024008349483 51.26948628518954 0.8900000000000001
      vertex 16.809993093909476 50.955000000000005 0
      vertex 16.658108481208682 50.727688613371775 0
    endloop
  endfacet
  facet normal -0.6348640795793258 0.31308031699611616 -0.7063485793639759
    outer loop
      vertex 16.039230484541328 51.4 0.8900000000000001
      vertex 16.930908222948588 51.20019162635697 0
      vertex 16.809993093909476 50.955000000000005 0
    endloop
  endfacet
  facet normal -0.13809744904271493 0.6942627593342335 -0.7063485793639787
    outer loop
      vertex 15.156631430664062 50.810266166351425 0.8900000000000001
      vertex 15.310582854123025 50.84088900845312 0.8900000000000001
      vertex 15.540931804264268 49.981215023055846 0
    endloop
  endfacet
  facet normal -0.22753548059829898 0.670297911006285 -0.7063485793639791
    outer loop
      vertex 15.310582854123025 50.84088900845312 0.8900000000000001
      vertex 15.459220118838108 50.891344560986454 0.8900000000000001
      vertex 15.799808373643039 50.069091777051405 0
    endloop
  endfacet
  facet normal -0.3130803169961196 0.6348640795793223 -0.7063485793639775
    outer loop
      vertex 15.459220118838108 50.891344560986454 0.8900000000000001
      vertex 15.6 50.96076951545867 0.8900000000000001
      vertex 16.045 50.190006906090524 0
    endloop
  endfacet
  facet normal -0.3932682623678631 0.5885675477331843 -0.7063485793639763
    outer loop
      vertex 15.6 50.96076951545867 0.8900000000000001
      vertex 15.730513714810465 51.04797599165052 0.8900000000000001
      vertex 16.272311386628225 50.34189151879132 0
    endloop
  endfacet
  facet normal -0.4667272787359341 0.5322004619635703 -0.7063485793639795
    outer loop
      vertex 15.730513714810465 51.04797599165052 0.8900000000000001
      vertex 15.848528137423857 51.151471862576145 0.8900000000000001
      vertex 16.477853172679886 50.522146827320114 0
    endloop
  endfacet
  facet normal -0.5322004619635756 0.46672727873593073 -0.7063485793639779
    outer loop
      vertex 15.848528137423857 51.151471862576145 0.8900000000000001
      vertex 15.952024008349483 51.26948628518954 0.8900000000000001
      vertex 16.658108481208682 50.727688613371775 0
    endloop
  endfacet
  facet normal -0.5885675477331801 0.393268262367871 -0.7063485793639752
    outer loop
      vertex 15.952024008349483 51.26948628518954 0.8900000000000001
      vertex 16.039230484541328 51.4 0.8900000000000001
      vertex 16.809993093909476 50.955000000000005 0
    endloop
  endfacet
  facet normal -0.6702979110062807 0.22753548059831802 -0.7063485793639771
    outer loop
      vertex 16.108655439013543 51.54077988116189 0.8900000000000001
      vertex 17.018784976944154 51.45906819573573 0
      vertex 16.930908222948588 51.20019162635697 0
    endloop
  endfacet
  facet normal -0.6702979110062802 -0.2275354805983177 -0.7063485793639778
    outer loop
      vertex 16.159110991546882 52.31058285412303 0.8900000000000001
      vertex 16.930908222948588 52.79980837364303 0
      vertex 17.018784976944154 52.54093180426427 0
    endloop
  endfacet
  facet normal -0.5885675477331903 -0.39326826236785467 -0.7063485793639759
    outer loop
      vertex 16.039230484541328 52.6 0.8900000000000001
      vertex 16.658108481208682 53.272311386628225 0
      vertex 16.809993093909476 53.044999999999995 0
    endloop
  endfacet
  facet normal -0.6348640795793254 -0.31308031699611577 -0.7063485793639764
    outer loop
      vertex 16.108655439013543 52.45922011883811 0.8900000000000001
      vertex 16.809993093909476 53.044999999999995 0
      vertex 16.930908222948588 52.79980837364303 0
    endloop
  endfacet
  facet normal -0.634864079579328 0.31308031699611033 -0.7063485793639765
    outer loop
      vertex 16.039230484541328 51.4 0.8900000000000001
      vertex 16.108655439013543 51.54077988116189 0.8900000000000001
      vertex 16.930908222948588 51.20019162635697 0
    endloop
  endfacet
  facet normal -0.6702979110062822 0.22753548059831133 -0.706348579363978
    outer loop
      vertex 16.108655439013543 51.54077988116189 0.8900000000000001
      vertex 16.159110991546882 51.68941714587697 0.8900000000000001
      vertex 17.018784976944154 51.45906819573573 0
    endloop
  endfacet
  facet normal -0.6942627593342368 0.13809744904269952 -0.7063485793639785
    outer loop
      vertex 16.159110991546882 51.68941714587697 0.8900000000000001
      vertex 16.18973383364857 51.84336856933594 0.8900000000000001
      vertex 17.072119760271264 51.72720025826009 0
    endloop
  endfacet
  facet normal -0.7063485793639777 0.046296531846142304 -0.7063485793639779
    outer loop
      vertex 16.18973383364857 51.84336856933594 0.8900000000000001
      vertex 16.2 52 0.8900000000000001
      vertex 17.09 52 0
    endloop
  endfacet
  facet normal -0.706348579363977 -0.04629653184614227 -0.7063485793639783
    outer loop
      vertex 16.2 52 0.8900000000000001
      vertex 16.18973383364857 52.15663143066406 0.8900000000000001
      vertex 17.072119760271264 52.27279974173991 0
    endloop
  endfacet
  facet normal -0.5322004619635745 -0.4667272787359298 -0.7063485793639793
    outer loop
      vertex 15.848528137423857 52.848528137423855 0.8900000000000001
      vertex 16.477853172679886 53.477853172679886 0
      vertex 15.952024008349483 52.73051371481046 0.8900000000000001
    endloop
  endfacet
  facet normal -0.5885675477331778 -0.3932682623678694 -0.7063485793639781
    outer loop
      vertex 16.039230484541328 52.6 0.8900000000000001
      vertex 15.952024008349483 52.73051371481046 0.8900000000000001
      vertex 16.658108481208682 53.272311386628225 0
    endloop
  endfacet
  facet normal -0.6348640795793288 -0.3130803169961107 -0.7063485793639755
    outer loop
      vertex 16.039230484541328 52.6 0.8900000000000001
      vertex 16.809993093909476 53.044999999999995 0
      vertex 16.108655439013543 52.45922011883811 0.8900000000000001
    endloop
  endfacet
  facet normal -0.6942627593342373 -0.13809744904269963 -0.7063485793639779
    outer loop
      vertex 16.159110991546882 52.31058285412303 0.8900000000000001
      vertex 17.018784976944154 52.54093180426427 0
      vertex 16.18973383364857 52.15663143066406 0.8900000000000001
    endloop
  endfacet
  facet normal -0.6702979110062831 -0.22753548059831166 -0.7063485793639769
    outer loop
      vertex 16.159110991546882 52.31058285412303 0.8900000000000001
      vertex 16.108655439013543 52.45922011883811 0.8900000000000001
      vertex 16.930908222948588 52.79980837364303 0
    endloop
  endfacet
  facet normal -0.6942627593342365 0.1380974490427036 -0.7063485793639781
    outer loop
      vertex 16.159110991546882 51.68941714587697 0.8900000000000001
      vertex 17.072119760271264 51.72720025826009 0
      vertex 17.018784976944154 51.45906819573573 0
    endloop
  endfacet
  facet normal -0.7063485793639773 0.04629653184613916 -0.7063485793639782
    outer loop
      vertex 16.18973383364857 51.84336856933594 0.8900000000000001
      vertex 17.09 52 0
      vertex 17.072119760271264 51.72720025826009 0
    endloop
  endfacet
  facet normal -0.7063485793639778 -0.04629653184613924 -0.706348579363978
    outer loop
      vertex 16.2 52 0.8900000000000001
      vertex 17.072119760271264 52.27279974173991 0
      vertex 17.09 52 0
    endloop
  endfacet
  facet normal -0.6942627593342361 -0.13809744904270344 -0.7063485793639783
    outer loop
      vertex 16.18973383364857 52.15663143066406 0.8900000000000001
      vertex 17.018784976944154 52.54093180426427 0
      vertex 17.072119760271264 52.27279974173991 0
    endloop
  endfacet
  facet normal -0.13809744904272012 -0.6942627593342324 -0.7063485793639788
    outer loop
      vertex 15.310582854123025 53.15911099154688 0.8900000000000001
      vertex 15.272799741739908 54.07211976027127 0
      vertex 15.540931804264268 54.018784976944154 0
    endloop
  endfacet
  facet normal -0.2275354805982952 -0.6702979110062863 -0.7063485793639791
    outer loop
      vertex 15.459220118838108 53.108655439013546 0.8900000000000001
      vertex 15.540931804264268 54.018784976944154 0
      vertex 15.799808373643039 53.930908222948595 0
    endloop
  endfacet
  facet normal -0.3130803169961301 -0.6348640795793168 -0.7063485793639779
    outer loop
      vertex 15.6 53.03923048454133 0.8900000000000001
      vertex 15.799808373643039 53.930908222948595 0
      vertex 16.045 53.809993093909476 0
    endloop
  endfacet
  facet normal -0.39326826236786916 -0.5885675477331798 -0.7063485793639765
    outer loop
      vertex 15.730513714810465 52.95202400834948 0.8900000000000001
      vertex 16.045 53.809993093909476 0
      vertex 16.272311386628225 53.65810848120868 0
    endloop
  endfacet
  facet normal -0.46672727873591774 -0.5322004619635856 -0.7063485793639788
    outer loop
      vertex 15.848528137423857 52.848528137423855 0.8900000000000001
      vertex 16.272311386628225 53.65810848120868 0
      vertex 16.477853172679886 53.477853172679886 0
    endloop
  endfacet
  facet normal -0.5322004619635816 -0.46672727873592335 -0.7063485793639782
    outer loop
      vertex 15.952024008349483 52.73051371481046 0.8900000000000001
      vertex 16.477853172679886 53.477853172679886 0
      vertex 16.658108481208682 53.272311386628225 0
    endloop
  endfacet
  facet normal -0.13809744904271476 -0.6942627593342326 -0.7063485793639794
    outer loop
      vertex 15.156631430664062 53.189733833648575 0.8900000000000001
      vertex 15.272799741739908 54.07211976027127 0
      vertex 15.310582854123025 53.15911099154688 0.8900000000000001
    endloop
  endfacet
  facet normal -0.22753548059829917 -0.6702979110062856 -0.7063485793639784
    outer loop
      vertex 15.310582854123025 53.15911099154688 0.8900000000000001
      vertex 15.540931804264268 54.018784976944154 0
      vertex 15.459220118838108 53.108655439013546 0.8900000000000001
    endloop
  endfacet
  facet normal -0.31308031699611877 -0.6348640795793206 -0.7063485793639793
    outer loop
      vertex 15.6 53.03923048454133 0.8900000000000001
      vertex 15.459220118838108 53.108655439013546 0.8900000000000001
      vertex 15.799808373643039 53.930908222948595 0
    endloop
  endfacet
  facet normal -0.3932682623678624 -0.5885675477331832 -0.7063485793639774
    outer loop
      vertex 15.6 53.03923048454133 0.8900000000000001
      vertex 16.045 53.809993093909476 0
      vertex 15.730513714810465 52.95202400834948 0.8900000000000001
    endloop
  endfacet
  facet normal -0.4667272787359364 -0.5322004619635728 -0.706348579363976
    outer loop
      vertex 15.848528137423857 52.848528137423855 0.8900000000000001
      vertex 15.730513714810465 52.95202400834948 0.8900000000000001
      vertex 16.272311386628225 53.65810848120868 0
    endloop
  endfacet
  facet normal 1 0 0
    outer loop
      vertex 29.15 12.25 2.4
      vertex 29.15 10.25 0
      vertex 29.15 12.25 0
    endloop
  endfacet
  facet normal 0 1 0
    outer loop
      vertex 29.15 10.25 2.4
      vertex 43.15 10.25 0
      vertex 29.15 10.25 0
    endloop
  endfacet
  facet normal 1 0 0
    outer loop
      vertex 29.15 12.25 2.4
      vertex 29.15 10.25 2.4
      vertex 29.15 10.25 0
    endloop
  endfacet
  facet normal 0 -1 0
    outer loop
      vertex 43.15 12.25 2.4
      vertex 29.15 12.25 2.4
      vertex 29.15 12.25 0
    endloop
  endfacet
  facet normal 0 -1 0
    outer loop
      vertex 29.15 12.25 0
      vertex 43.15 12.25 0
      vertex 43.15 12.25 2.4
    endloop
  endfacet
  facet normal 0 1 0
    outer loop
      vertex 29.15 10.25 2.4
      vertex 43.15 10.25 2.4
      vertex 43.15 10.25 0
    endloop
  endfacet
  facet normal -1 0 0
    outer loop
      vertex 43.15 10.25 0
      vertex 43.15 10.25 2.4
      vertex 43.15 12.25 0
    endloop
  endfacet
  facet normal -1 0 0
    outer loop
      vertex 43.15 10.25 2.4
      vertex 43.15 12.25 2.4
      vertex 43.15 12.25 0
    endloop
  endfacet
  facet normal 1 0 0
    outer loop
      vertex 29.15 17.25 0
      vertex 29.15 15.25 2.4
      vertex 29.15 15.25 0
    endloop
  endfacet
  facet normal 0 1 0
    outer loop
      vertex 29.15 15.25 2.4
      vertex 43.15 15.25 0
      vertex 29.15 15.25 0
    endloop
  endfacet
  facet normal 1 0 0
    outer loop
      vertex 29.15 17.25 2.4
      vertex 29.15 15.25 2.4
      vertex 29.15 17.25 0
    endloop
  endfacet
  facet normal 0 1 0
    outer loop
      vertex 29.15 15.25 2.4
      vertex 43.15 15.25 2.4
      vertex 43.15 15.25 0
    endloop
  endfacet
  facet normal 0 -1 0
    outer loop
      vertex 43.15 17.25 2.4
      vertex 29.15 17.25 2.4
      vertex 29.15 17.25 0
    endloop
  endfacet
  facet normal 0 -1 0
    outer loop
      vertex 43.15 17.25 2.4
      vertex 29.15 17.25 0
      vertex 43.15 17.25 0
    endloop
  endfacet
  facet normal -1 0 0
    outer loop
      vertex 43.15 15.25 0
      vertex 43.15 15.25 2.4
      vertex 43.15 17.25 0
    endloop
  endfacet
  facet normal -1 0 0
    outer loop
      vertex 43.15 15.25 2.4
      vertex 43.15 17.25 2.4
      vertex 43.15 17.25 0
    endloop
  endfacet
  facet normal 1 0 0
    outer loop
      vertex 29.15 22.25 0
      vertex 29.15 20.25 2.4
      vertex 29.15 20.25 0
    endloop
  endfacet
  facet normal 0 1 0
    outer loop
      vertex 29.15 20.25 2.4
      vertex 43.15 20.25 0
      vertex 29.15 20.25 0
    endloop
  endfacet
  facet normal 1 0 0
    outer loop
      vertex 29.15 22.25 2.4
      vertex 29.15 20.25 2.4
      vertex 29.15 22.25 0
    endloop
  endfacet
  facet normal 0 -1 0
    outer loop
      vertex 43.15 22.25 2.4
      vertex 29.15 22.25 2.4
      vertex 29.15 22.25 0
    endloop
  endfacet
  facet normal 0 -1 0
    outer loop
      vertex 29.15 22.25 0
      vertex 43.15 22.25 0
      vertex 43.15 22.25 2.4
    endloop
  endfacet
  facet normal 0 1 0
    outer loop
      vertex 43.15 20.25 0
      vertex 29.15 20.25 2.4
      vertex 43.15 20.25 2.4
    endloop
  endfacet
  facet normal -1 0 0
    outer loop
      vertex 43.15 20.25 0
      vertex 43.15 20.25 2.4
      vertex 43.15 22.25 0
    endloop
  endfacet
  facet normal -1 0 0
    outer loop
      vertex 43.15 22.25 0
      vertex 43.15 20.25 2.4
      vertex 43.15 22.25 2.4
    endloop
  endfacet
  facet normal 1 0 0
    outer loop
      vertex 29.15 27.25 2.4
      vertex 29.15 25.25 0
      vertex 29.15 27.25 0
    endloop
  endfacet
  facet normal 0 1 0
    outer loop
      vertex 29.15 25.25 2.4
      vertex 43.15 25.25 0
      vertex 29.15 25.25 0
    endloop
  endfacet
  facet normal 1 0 0
    outer loop
      vertex 29.15 27.25 2.4
      vertex 29.15 25.25 2.4
      vertex 29.15 25.25 0
    endloop
  endfacet
  facet normal 0 -1 0
    outer loop
      vertex 43.15 27.25 2.4
      vertex 29.15 27.25 2.4
      vertex 29.15 27.25 0
    endloop
  endfacet
  facet normal 0 -1 0
    outer loop
      vertex 29.15 27.25 0
      vertex 43.15 27.25 0
      vertex 43.15 27.25 2.4
    endloop
  endfacet
  facet normal 0 1 0
    outer loop
      vertex 43.15 25.25 0
      vertex 29.15 25.25 2.4
      vertex 43.15 25.25 2.4
    endloop
  endfacet
  facet normal -1 0 0
    outer loop
      vertex 43.15 25.25 0
      vertex 43.15 25.25 2.4
      vertex 43.15 27.25 0
    endloop
  endfacet
  facet normal -1 0 0
    outer loop
      vertex 43.15 27.25 0
      vertex 43.15 25.25 2.4
      vertex 43.15 27.25 2.4
    endloop
  endfacet
  facet normal 0 1 0
    outer loop
      vertex 29.15 30.25 2.4
      vertex 43.15 30.25 0
      vertex 29.15 30.25 0
    endloop
  endfacet
  facet normal 1 0 0
    outer loop
      vertex 29.15 32.25 2.4
      vertex 29.15 30.25 2.4
      vertex 29.15 30.25 0
    endloop
  endfacet
  facet normal 0 1 0
    outer loop
      vertex 43.15 30.25 0
      vertex 29.15 30.25 2.4
      vertex 43.15 30.25 2.4
    endloop
  endfacet
  facet normal -1 0 0
    outer loop
      vertex 43.15 30.25 0
      vertex 43.15 30.25 2.4
      vertex 43.15 32.25 0
    endloop
  endfacet
  facet normal 1 0 0
    outer loop
      vertex 29.15 30.25 0
      vertex 29.15 32.25 0
      vertex 29.15 32.25 2.4
    endloop
  endfacet
  facet normal 0 -1 0
    outer loop
      vertex 29.15 32.25 0
      vertex 43.15 32.25 2.4
      vertex 29.15 32.25 2.4
    endloop
  endfacet
  facet normal 0 -1 0
    outer loop
      vertex 29.15 32.25 0
      vertex 43.15 32.25 0
      vertex 43.15 32.25 2.4
    endloop
  endfacet
  facet normal -1 0 0
    outer loop
      vertex 43.15 32.25 0
      vertex 43.15 30.25 2.4
      vertex 43.15 32.25 2.4
    endloop
  endfacet
  facet normal -0.8968727415326956 -0.4422886902189864 2.411859650324958e-19
    outer loop
      vertex 22.960769515458672 7.9 2.4
      vertex 22.891344560986457 8.040779881161892 10.9
      vertex 22.891344560986457 8.040779881161892 2.4
    endloop
  endfacet
  facet normal -0.9469301294951025 -0.3214394653031711 1.0656826188344543e-19
    outer loop
      vertex 22.891344560986457 8.040779881161892 2.4
      vertex 22.840889008453118 8.189417145876975 10.9
      vertex 22.840889008453118 8.189417145876975 2.4
    endloop
  endfacet
  facet normal -0.9807852804032323 -0.1950903220161184 -7.903585087838052e-20
    outer loop
      vertex 22.840889008453118 8.189417145876975 2.4
      vertex 22.81026616635143 8.343368569335938 10.9
      vertex 22.81026616635143 8.343368569335938 2.4
    endloop
  endfacet
  facet normal -0.9978589232386033 -0.06540312923014817 -6.929908632156685e-20
    outer loop
      vertex 22.81026616635143 8.343368569335938 2.4
      vertex 22.8 8.5 10.9
      vertex 22.8 8.5 2.4
    endloop
  endfacet
  facet normal -0.9978589232386033 0.06540312923014817 6.929908632156685e-20
    outer loop
      vertex 22.8 8.5 2.4
      vertex 22.81026616635143 8.656631430664062 10.9
      vertex 22.81026616635143 8.656631430664062 2.4
    endloop
  endfacet
  facet normal -0.9807852804032323 0.1950903220161184 7.903585087838052e-20
    outer loop
      vertex 22.81026616635143 8.656631430664062 2.4
      vertex 22.840889008453118 8.810582854123025 10.9
      vertex 22.840889008453118 8.810582854123025 2.4
    endloop
  endfacet
  facet normal -0.9469301294951025 0.3214394653031711 -1.0656826188344543e-19
    outer loop
      vertex 22.840889008453118 8.810582854123025 2.4
      vertex 22.891344560986457 8.959220118838108 10.9
      vertex 22.891344560986457 8.959220118838108 2.4
    endloop
  endfacet
  facet normal -0.8968727415326956 0.4422886902189864 -2.411859650324958e-19
    outer loop
      vertex 22.891344560986457 8.959220118838108 2.4
      vertex 22.960769515458672 9.1 10.9
      vertex 22.960769515458672 9.1 2.4
    endloop
  endfacet
  facet normal -0.6593458151000713 -0.7518398074789754 0
    outer loop
      vertex 23.269486285189537 7.547975991650517 2.4
      vertex 23.269486285189537 7.547975991650517 10.9
      vertex 23.151471862576145 7.651471862576143 2.4
    endloop
  endfacet
  facet normal -0.5555702330196068 -0.831469612302542 -2.1239332744777975e-20
    outer loop
      vertex 23.269486285189537 7.547975991650517 2.4
      vertex 23.4 7.460769515458674 2.4
      vertex 23.4 7.460769515458674 10.9
    endloop
  endfacet
  facet normal -0.8314696123025439 -0.5555702330196043 0
    outer loop
      vertex 22.960769515458672 7.9 2.4
      vertex 23.047975991650517 7.769486285189535 2.4
      vertex 22.960769515458672 7.9 10.9
    endloop
  endfacet
  facet normal -0.7518398074789697 -0.6593458151000776 0
    outer loop
      vertex 23.047975991650517 7.769486285189535 2.4
      vertex 23.151471862576145 7.651471862576143 2.4
      vertex 23.047975991650517 7.769486285189535 10.9
    endloop
  endfacet
  facet normal -0.4422886902190002 -0.896872741532689 0
    outer loop
      vertex 23.540779881161892 7.391344560986456 2.4
      vertex 23.540779881161892 7.391344560986456 10.9
      vertex 23.4 7.460769515458674 2.4
    endloop
  endfacet
  facet normal -0.3214394653031644 -0.9469301294951048 -6.109588748018156e-20
    outer loop
      vertex 23.540779881161892 7.391344560986456 2.4
      vertex 23.689417145876973 7.340889008453118 2.4
      vertex 23.689417145876973 7.340889008453118 10.9
    endloop
  endfacet
  facet normal -0.19509032201612928 -0.9807852804032302 -2.69196244872574e-19
    outer loop
      vertex 23.689417145876973 7.340889008453118 2.4
      vertex 23.843368569335937 7.310266166351427 2.4
      vertex 23.843368569335937 7.310266166351427 10.9
    endloop
  endfacet
  facet normal -0.06540312923014178 -0.9978589232386036 5.7705775439959035e-21
    outer loop
      vertex 23.843368569335937 7.310266166351427 2.4
      vertex 24 7.3 2.4
      vertex 24 7.3 10.9
    endloop
  endfacet
  facet normal 0.06540312923014178 -0.9978589232386036 -5.7705775439959035e-21
    outer loop
      vertex 24 7.3 2.4
      vertex 24.156631430664063 7.310266166351427 2.4
      vertex 24.156631430664063 7.310266166351427 10.9
    endloop
  endfacet
  facet normal 0.19509032201612928 -0.9807852804032302 2.69196244872574e-19
    outer loop
      vertex 24.156631430664063 7.310266166351427 2.4
      vertex 24.310582854123027 7.340889008453118 2.4
      vertex 24.310582854123027 7.340889008453118 10.9
    endloop
  endfacet
  facet normal 0.3214394653031644 -0.9469301294951048 6.109588748018156e-20
    outer loop
      vertex 24.310582854123027 7.340889008453118 2.4
      vertex 24.459220118838108 7.391344560986456 2.4
      vertex 24.459220118838108 7.391344560986456 10.9
    endloop
  endfacet
  facet normal -0.8314696123025439 0.5555702330196043 3.396613767344586e-19
    outer loop
      vertex 22.960769515458672 9.1 2.4
      vertex 23.047975991650517 9.230513714810465 10.9
      vertex 23.047975991650517 9.230513714810465 2.4
    endloop
  endfacet
  facet normal -0.7518398074789697 0.6593458151000776 4.703265562130425e-19
    outer loop
      vertex 23.047975991650517 9.230513714810465 2.4
      vertex 23.151471862576145 9.348528137423857 10.9
      vertex 23.151471862576145 9.348528137423857 2.4
    endloop
  endfacet
  facet normal -0.6593458151000713 0.7518398074789754 0
    outer loop
      vertex 23.151471862576145 9.348528137423857 2.4
      vertex 23.151471862576145 9.348528137423857 10.9
      vertex 23.269486285189537 9.452024008349483 2.4
    endloop
  endfacet
  facet normal -0.5555702330196068 0.831469612302542 0
    outer loop
      vertex 23.269486285189537 9.452024008349483 2.4
      vertex 23.269486285189537 9.452024008349483 10.9
      vertex 23.4 9.539230484541326 2.4
    endloop
  endfacet
  facet normal -0.4422886902190002 0.896872741532689 0
    outer loop
      vertex 23.4 9.539230484541326 2.4
      vertex 23.4 9.539230484541326 10.9
      vertex 23.540779881161892 9.608655439013544 2.4
    endloop
  endfacet
  facet normal -0.3214394653031644 0.9469301294951048 0
    outer loop
      vertex 23.540779881161892 9.608655439013544 2.4
      vertex 23.540779881161892 9.608655439013544 10.9
      vertex 23.689417145876973 9.659110991546882 2.4
    endloop
  endfacet
  facet normal -0.19509032201612928 0.9807852804032302 0
    outer loop
      vertex 23.689417145876973 9.659110991546882 2.4
      vertex 23.689417145876973 9.659110991546882 10.9
      vertex 23.843368569335937 9.689733833648573 2.4
    endloop
  endfacet
  facet normal -0.06540312923013615 0.9978589232386039 0
    outer loop
      vertex 23.843368569335937 9.689733833648573 2.4
      vertex 23.843368569335937 9.689733833648573 10.9
      vertex 24 9.7 2.4
    endloop
  endfacet
  facet normal 0.06540312923013615 0.9978589232386039 0
    outer loop
      vertex 24 9.7 2.4
      vertex 24 9.7 10.9
      vertex 24.156631430664063 9.689733833648573 2.4
    endloop
  endfacet
  facet normal 0.19509032201612928 0.9807852804032302 -2.69196244872574e-19
    outer loop
      vertex 24.310582854123027 9.659110991546882 2.4
      vertex 24.156631430664063 9.689733833648573 2.4
      vertex 24.156631430664063 9.689733833648573 10.9
    endloop
  endfacet
  facet normal 0.3214394653031644 0.9469301294951048 0
    outer loop
      vertex 24.310582854123027 9.659110991546882 2.4
      vertex 24.310582854123027 9.659110991546882 10.9
      vertex 24.459220118838108 9.608655439013544 2.4
    endloop
  endfacet
  facet normal 0.4422886902190002 0.896872741532689 0
    outer loop
      vertex 24.459220118838108 9.608655439013544 2.4
      vertex 24.459220118838108 9.608655439013544 10.9
      vertex 24.6 9.539230484541326 2.4
    endloop
  endfacet
  facet normal 0.4422886902190002 -0.896872741532689 2.8974018888213507e-19
    outer loop
      vertex 24.459220118838108 7.391344560986456 2.4
      vertex 24.6 7.460769515458674 2.4
      vertex 24.6 7.460769515458674 10.9
    endloop
  endfacet
  facet normal 0.5555702330196068 -0.831469612302542 2.1239332744777975e-20
    outer loop
      vertex 24.6 7.460769515458674 2.4
      vertex 24.730513714810463 7.547975991650517 2.4
      vertex 24.730513714810463 7.547975991650517 10.9
    endloop
  endfacet
  facet normal 0.6593458151000713 -0.7518398074789754 -6.306203763740154e-19
    outer loop
      vertex 24.730513714810463 7.547975991650517 2.4
      vertex 24.848528137423855 7.651471862576143 2.4
      vertex 24.848528137423855 7.651471862576143 10.9
    endloop
  endfacet
  facet normal 0.7518398074789697 -0.6593458151000776 0
    outer loop
      vertex 24.848528137423855 7.651471862576143 2.4
      vertex 24.952024008349483 7.769486285189535 2.4
      vertex 24.848528137423855 7.651471862576143 10.9
    endloop
  endfacet
  facet normal 0.8314696123025439 -0.5555702330196043 0
    outer loop
      vertex 24.952024008349483 7.769486285189535 2.4
      vertex 25.039230484541328 7.9 2.4
      vertex 24.952024008349483 7.769486285189535 10.9
    endloop
  endfacet
  facet normal 0.8968727415326956 -0.4422886902189864 0
    outer loop
      vertex 25.039230484541328 7.9 2.4
      vertex 25.108655439013543 8.040779881161892 2.4
      vertex 25.039230484541328 7.9 10.9
    endloop
  endfacet
  facet normal 0.9469301294951025 -0.3214394653031711 0
    outer loop
      vertex 25.108655439013543 8.040779881161892 2.4
      vertex 25.159110991546882 8.189417145876975 2.4
      vertex 25.108655439013543 8.040779881161892 10.9
    endloop
  endfacet
  facet normal 0.9807852804032323 -0.1950903220161184 0
    outer loop
      vertex 25.159110991546882 8.189417145876975 2.4
      vertex 25.18973383364857 8.343368569335938 2.4
      vertex 25.159110991546882 8.189417145876975 10.9
    endloop
  endfacet
  facet normal 0.9978589232386033 -0.06540312923014817 0
    outer loop
      vertex 25.18973383364857 8.343368569335938 2.4
      vertex 25.2 8.5 2.4
      vertex 25.18973383364857 8.343368569335938 10.9
    endloop
  endfacet
  facet normal 0.9978589232386033 0.06540312923014817 0
    outer loop
      vertex 25.2 8.5 2.4
      vertex 25.18973383364857 8.656631430664062 2.4
      vertex 25.2 8.5 10.9
    endloop
  endfacet
  facet normal 0.9807852804032323 0.1950903220161184 0
    outer loop
      vertex 25.18973383364857 8.656631430664062 2.4
      vertex 25.159110991546882 8.810582854123025 2.4
      vertex 25.18973383364857 8.656631430664062 10.9
    endloop
  endfacet
  facet normal 0.9469301294951025 0.3214394653031711 1.0656826188344543e-19
    outer loop
      vertex 25.108655439013543 8.959220118838108 2.4
      vertex 25.159110991546882 8.810582854123025 10.9
      vertex 25.159110991546882 8.810582854123025 2.4
    endloop
  endfacet
  facet normal 0.6593458151000713 0.7518398074789754 6.306203763740154e-19
    outer loop
      vertex 24.848528137423855 9.348528137423857 2.4
      vertex 24.730513714810463 9.452024008349483 2.4
      vertex 24.730513714810463 9.452024008349483 10.9
    endloop
  endfacet
  facet normal 0.7518398074789697 0.6593458151000776 -4.703265562130425e-19
    outer loop
      vertex 24.848528137423855 9.348528137423857 2.4
      vertex 24.952024008349483 9.230513714810465 10.9
      vertex 24.952024008349483 9.230513714810465 2.4
    endloop
  endfacet
  facet normal 0.5555702330196068 0.831469612302542 0
    outer loop
      vertex 24.6 9.539230484541326 2.4
      vertex 24.6 9.539230484541326 10.9
      vertex 24.730513714810463 9.452024008349483 2.4
    endloop
  endfacet
  facet normal 0.8314696123025439 0.5555702330196043 0
    outer loop
      vertex 25.039230484541328 9.1 2.4
      vertex 24.952024008349483 9.230513714810465 2.4
      vertex 25.039230484541328 9.1 10.9
    endloop
  endfacet
  facet normal 0.8968727415326956 0.4422886902189864 0
    outer loop
      vertex 25.108655439013543 8.959220118838108 2.4
      vertex 25.039230484541328 9.1 2.4
      vertex 25.108655439013543 8.959220118838108 10.9
    endloop
  endfacet
  facet normal -0.8968727415326956 -0.4422886902189864 0
    outer loop
      vertex 22.960769515458672 7.9 2.4
      vertex 22.960769515458672 7.9 10.9
      vertex 22.891344560986457 8.040779881161892 10.9
    endloop
  endfacet
  facet normal -0.9469301294951025 -0.3214394653031711 0
    outer loop
      vertex 22.891344560986457 8.040779881161892 2.4
      vertex 22.891344560986457 8.040779881161892 10.9
      vertex 22.840889008453118 8.189417145876975 10.9
    endloop
  endfacet
  facet normal -0.9807852804032323 -0.1950903220161184 0
    outer loop
      vertex 22.840889008453118 8.189417145876975 2.4
      vertex 22.840889008453118 8.189417145876975 10.9
      vertex 22.81026616635143 8.343368569335938 10.9
    endloop
  endfacet
  facet normal -0.9978589232386033 -0.06540312923014817 0
    outer loop
      vertex 22.81026616635143 8.343368569335938 2.4
      vertex 22.81026616635143 8.343368569335938 10.9
      vertex 22.8 8.5 10.9
    endloop
  endfacet
  facet normal -0.9978589232386033 0.06540312923014817 0
    outer loop
      vertex 22.8 8.5 2.4
      vertex 22.8 8.5 10.9
      vertex 22.81026616635143 8.656631430664062 10.9
    endloop
  endfacet
  facet normal -0.9807852804032323 0.1950903220161184 0
    outer loop
      vertex 22.81026616635143 8.656631430664062 2.4
      vertex 22.81026616635143 8.656631430664062 10.9
      vertex 22.840889008453118 8.810582854123025 10.9
    endloop
  endfacet
  facet normal -0.9469301294951025 0.3214394653031711 0
    outer loop
      vertex 22.840889008453118 8.810582854123025 2.4
      vertex 22.840889008453118 8.810582854123025 10.9
      vertex 22.891344560986457 8.959220118838108 10.9
    endloop
  endfacet
  facet normal -0.8968727415326956 0.4422886902189864 0
    outer loop
      vertex 22.891344560986457 8.959220118838108 2.4
      vertex 22.891344560986457 8.959220118838108 10.9
      vertex 22.960769515458672 9.1 10.9
    endloop
  endfacet
  facet normal -0.6593458151000713 -0.7518398074789754 0
    outer loop
      vertex 23.151471862576145 7.651471862576143 2.4
      vertex 23.269486285189537 7.547975991650517 10.9
      vertex 23.151471862576145 7.651471862576143 10.9
    endloop
  endfacet
  facet normal -0.5555702330196068 -0.831469612302542 0
    outer loop
      vertex 23.269486285189537 7.547975991650517 2.4
      vertex 23.4 7.460769515458674 10.9
      vertex 23.269486285189537 7.547975991650517 10.9
    endloop
  endfacet
  facet normal -0.8314696123025439 -0.5555702330196043 0
    outer loop
      vertex 23.047975991650517 7.769486285189535 2.4
      vertex 23.047975991650517 7.769486285189535 10.9
      vertex 22.960769515458672 7.9 10.9
    endloop
  endfacet
  facet normal -0.7518398074789697 -0.6593458151000776 0
    outer loop
      vertex 23.151471862576145 7.651471862576143 2.4
      vertex 23.151471862576145 7.651471862576143 10.9
      vertex 23.047975991650517 7.769486285189535 10.9
    endloop
  endfacet
  facet normal -0.4422886902190002 -0.896872741532689 0
    outer loop
      vertex 23.4 7.460769515458674 2.4
      vertex 23.540779881161892 7.391344560986456 10.9
      vertex 23.4 7.460769515458674 10.9
    endloop
  endfacet
  facet normal -0.3214394653031644 -0.9469301294951048 0
    outer loop
      vertex 23.540779881161892 7.391344560986456 2.4
      vertex 23.689417145876973 7.340889008453118 10.9
      vertex 23.540779881161892 7.391344560986456 10.9
    endloop
  endfacet
  facet normal -0.19509032201612928 -0.9807852804032302 0
    outer loop
      vertex 23.689417145876973 7.340889008453118 2.4
      vertex 23.843368569335937 7.310266166351427 10.9
      vertex 23.689417145876973 7.340889008453118 10.9
    endloop
  endfacet
  facet normal -0.06540312923014178 -0.9978589232386036 0
    outer loop
      vertex 23.843368569335937 7.310266166351427 2.4
      vertex 24 7.3 10.9
      vertex 23.843368569335937 7.310266166351427 10.9
    endloop
  endfacet
  facet normal 0.06540312923014178 -0.9978589232386036 0
    outer loop
      vertex 24 7.3 2.4
      vertex 24.156631430664063 7.310266166351427 10.9
      vertex 24 7.3 10.9
    endloop
  endfacet
  facet normal 0.19509032201612928 -0.9807852804032302 0
    outer loop
      vertex 24.156631430664063 7.310266166351427 2.4
      vertex 24.310582854123027 7.340889008453118 10.9
      vertex 24.156631430664063 7.310266166351427 10.9
    endloop
  endfacet
  facet normal 0.3214394653031644 -0.9469301294951048 0
    outer loop
      vertex 24.310582854123027 7.340889008453118 2.4
      vertex 24.459220118838108 7.391344560986456 10.9
      vertex 24.310582854123027 7.340889008453118 10.9
    endloop
  endfacet
  facet normal 0.4422886902190002 -0.896872741532689 0
    outer loop
      vertex 24.459220118838108 7.391344560986456 2.4
      vertex 24.6 7.460769515458674 10.9
      vertex 24.459220118838108 7.391344560986456 10.9
    endloop
  endfacet
  facet normal -0.8314696123025439 0.5555702330196043 0
    outer loop
      vertex 22.960769515458672 9.1 2.4
      vertex 22.960769515458672 9.1 10.9
      vertex 23.047975991650517 9.230513714810465 10.9
    endloop
  endfacet
  facet normal -0.7518398074789697 0.6593458151000776 0
    outer loop
      vertex 23.047975991650517 9.230513714810465 2.4
      vertex 23.047975991650517 9.230513714810465 10.9
      vertex 23.151471862576145 9.348528137423857 10.9
    endloop
  endfacet
  facet normal -0.6593458151000713 0.7518398074789754 0
    outer loop
      vertex 23.269486285189537 9.452024008349483 2.4
      vertex 23.151471862576145 9.348528137423857 10.9
      vertex 23.269486285189537 9.452024008349483 10.9
    endloop
  endfacet
  facet normal -0.5555702330196068 0.831469612302542 0
    outer loop
      vertex 23.4 9.539230484541326 2.4
      vertex 23.269486285189537 9.452024008349483 10.9
      vertex 23.4 9.539230484541326 10.9
    endloop
  endfacet
  facet normal -0.4422886902190002 0.896872741532689 0
    outer loop
      vertex 23.540779881161892 9.608655439013544 2.4
      vertex 23.4 9.539230484541326 10.9
      vertex 23.540779881161892 9.608655439013544 10.9
    endloop
  endfacet
  facet normal -0.3214394653031644 0.9469301294951048 0
    outer loop
      vertex 23.689417145876973 9.659110991546882 2.4
      vertex 23.540779881161892 9.608655439013544 10.9
      vertex 23.689417145876973 9.659110991546882 10.9
    endloop
  endfacet
  facet normal -0.19509032201612928 0.9807852804032302 0
    outer loop
      vertex 23.843368569335937 9.689733833648573 2.4
      vertex 23.689417145876973 9.659110991546882 10.9
      vertex 23.843368569335937 9.689733833648573 10.9
    endloop
  endfacet
  facet normal -0.06540312923013615 0.9978589232386039 0
    outer loop
      vertex 24 9.7 2.4
      vertex 23.843368569335937 9.689733833648573 10.9
      vertex 24 9.7 10.9
    endloop
  endfacet
  facet normal 0.06540312923013615 0.9978589232386039 0
    outer loop
      vertex 24.156631430664063 9.689733833648573 2.4
      vertex 24 9.7 10.9
      vertex 24.156631430664063 9.689733833648573 10.9
    endloop
  endfacet
  facet normal 0.19509032201612928 0.9807852804032302 0
    outer loop
      vertex 24.310582854123027 9.659110991546882 2.4
      vertex 24.156631430664063 9.689733833648573 10.9
      vertex 24.310582854123027 9.659110991546882 10.9
    endloop
  endfacet
  facet normal 0.3214394653031644 0.9469301294951048 0
    outer loop
      vertex 24.459220118838108 9.608655439013544 2.4
      vertex 24.310582854123027 9.659110991546882 10.9
      vertex 24.459220118838108 9.608655439013544 10.9
    endloop
  endfacet
  facet normal 0.5555702330196068 -0.831469612302542 0
    outer loop
      vertex 24.6 7.460769515458674 2.4
      vertex 24.730513714810463 7.547975991650517 10.9
      vertex 24.6 7.460769515458674 10.9
    endloop
  endfacet
  facet normal 0.6593458151000713 -0.7518398074789754 0
    outer loop
      vertex 24.730513714810463 7.547975991650517 2.4
      vertex 24.848528137423855 7.651471862576143 10.9
      vertex 24.730513714810463 7.547975991650517 10.9
    endloop
  endfacet
  facet normal 0.7518398074789697 -0.6593458151000776 0
    outer loop
      vertex 24.952024008349483 7.769486285189535 2.4
      vertex 24.952024008349483 7.769486285189535 10.9
      vertex 24.848528137423855 7.651471862576143 10.9
    endloop
  endfacet
  facet normal 0.8314696123025439 -0.5555702330196043 0
    outer loop
      vertex 25.039230484541328 7.9 2.4
      vertex 25.039230484541328 7.9 10.9
      vertex 24.952024008349483 7.769486285189535 10.9
    endloop
  endfacet
  facet normal 0.8968727415326956 -0.4422886902189864 0
    outer loop
      vertex 25.108655439013543 8.040779881161892 2.4
      vertex 25.108655439013543 8.040779881161892 10.9
      vertex 25.039230484541328 7.9 10.9
    endloop
  endfacet
  facet normal 0.9469301294951025 -0.3214394653031711 0
    outer loop
      vertex 25.159110991546882 8.189417145876975 2.4
      vertex 25.159110991546882 8.189417145876975 10.9
      vertex 25.108655439013543 8.040779881161892 10.9
    endloop
  endfacet
  facet normal 0.9807852804032323 -0.1950903220161184 0
    outer loop
      vertex 25.18973383364857 8.343368569335938 2.4
      vertex 25.18973383364857 8.343368569335938 10.9
      vertex 25.159110991546882 8.189417145876975 10.9
    endloop
  endfacet
  facet normal 0.9978589232386033 -0.06540312923014817 0
    outer loop
      vertex 25.2 8.5 2.4
      vertex 25.2 8.5 10.9
      vertex 25.18973383364857 8.343368569335938 10.9
    endloop
  endfacet
  facet normal 0.9978589232386033 0.06540312923014817 0
    outer loop
      vertex 25.18973383364857 8.656631430664062 2.4
      vertex 25.18973383364857 8.656631430664062 10.9
      vertex 25.2 8.5 10.9
    endloop
  endfacet
  facet normal 0.9807852804032323 0.1950903220161184 0
    outer loop
      vertex 25.159110991546882 8.810582854123025 2.4
      vertex 25.159110991546882 8.810582854123025 10.9
      vertex 25.18973383364857 8.656631430664062 10.9
    endloop
  endfacet
  facet normal 0.9469301294951025 0.3214394653031711 0
    outer loop
      vertex 25.108655439013543 8.959220118838108 2.4
      vertex 25.108655439013543 8.959220118838108 10.9
      vertex 25.159110991546882 8.810582854123025 10.9
    endloop
  endfacet
  facet normal 0.6593458151000713 0.7518398074789754 0
    outer loop
      vertex 24.848528137423855 9.348528137423857 2.4
      vertex 24.730513714810463 9.452024008349483 10.9
      vertex 24.848528137423855 9.348528137423857 10.9
    endloop
  endfacet
  facet normal 0.7518398074789697 0.6593458151000776 0
    outer loop
      vertex 24.848528137423855 9.348528137423857 2.4
      vertex 24.848528137423855 9.348528137423857 10.9
      vertex 24.952024008349483 9.230513714810465 10.9
    endloop
  endfacet
  facet normal 0.4422886902190002 0.896872741532689 0
    outer loop
      vertex 24.6 9.539230484541326 2.4
      vertex 24.459220118838108 9.608655439013544 10.9
      vertex 24.6 9.539230484541326 10.9
    endloop
  endfacet
  facet normal 0.5555702330196068 0.831469612302542 0
    outer loop
      vertex 24.730513714810463 9.452024008349483 2.4
      vertex 24.6 9.539230484541326 10.9
      vertex 24.730513714810463 9.452024008349483 10.9
    endloop
  endfacet
  facet normal 0.8314696123025439 0.5555702330196043 0
    outer loop
      vertex 24.952024008349483 9.230513714810465 2.4
      vertex 24.952024008349483 9.230513714810465 10.9
      vertex 25.039230484541328 9.1 10.9
    endloop
  endfacet
  facet normal 0.8968727415326956 0.4422886902189864 0
    outer loop
      vertex 25.039230484541328 9.1 2.4
      vertex 25.039230484541328 9.1 10.9
      vertex 25.108655439013543 8.959220118838108 10.9
    endloop
  endfacet
  facet normal 0 0 1
    outer loop
      vertex 22.960769515458672 7.9 10.9
      vertex 22.891344560986457 8.959220118838108 10.9
      vertex 22.891344560986457 8.040779881161892 10.9
    endloop
  endfacet
  facet normal 0 0 1
    outer loop
      vertex 22.840889008453118 8.189417145876975 10.9
      vertex 22.81026616635143 8.656631430664062 10.9
      vertex 22.81026616635143 8.343368569335938 10.9
    endloop
  endfacet
  facet normal 0 0 1
    outer loop
      vertex 22.891344560986457 8.040779881161892 10.9
      vertex 22.840889008453118 8.810582854123025 10.9
      vertex 22.840889008453118 8.189417145876975 10.9
    endloop
  endfacet
  facet normal 0 0 1
    outer loop
      vertex 22.81026616635143 8.343368569335938 10.9
      vertex 22.81026616635143 8.656631430664062 10.9
      vertex 22.8 8.5 10.9
    endloop
  endfacet
  facet normal 0 0 1
    outer loop
      vertex 22.840889008453118 8.189417145876975 10.9
      vertex 22.840889008453118 8.810582854123025 10.9
      vertex 22.81026616635143 8.656631430664062 10.9
    endloop
  endfacet
  facet normal 0 0 1
    outer loop
      vertex 22.891344560986457 8.040779881161892 10.9
      vertex 22.891344560986457 8.959220118838108 10.9
      vertex 22.840889008453118 8.810582854123025 10.9
    endloop
  endfacet
  facet normal 0 0 1
    outer loop
      vertex 22.960769515458672 7.9 10.9
      vertex 22.960769515458672 9.1 10.9
      vertex 22.891344560986457 8.959220118838108 10.9
    endloop
  endfacet
  facet normal 0 0 1
    outer loop
      vertex 22.960769515458672 7.9 10.9
      vertex 23.047975991650517 7.769486285189535 10.9
      vertex 22.960769515458672 9.1 10.9
    endloop
  endfacet
  facet normal 0 0 1
    outer loop
      vertex 23.047975991650517 7.769486285189535 10.9
      vertex 23.151471862576145 7.651471862576143 10.9
      vertex 23.047975991650517 9.230513714810465 10.9
    endloop
  endfacet
  facet normal 0 0 1
    outer loop
      vertex 23.269486285189537 7.547975991650517 10.9
      vertex 23.151471862576145 9.348528137423857 10.9
      vertex 23.151471862576145 7.651471862576143 10.9
    endloop
  endfacet
  facet normal 0 0 1
    outer loop
      vertex 23.269486285189537 7.547975991650517 10.9
      vertex 23.4 7.460769515458674 10.9
      vertex 23.269486285189537 9.452024008349483 10.9
    endloop
  endfacet
  facet normal 0 0 1
    outer loop
      vertex 22.960769515458672 9.1 10.9
      vertex 23.047975991650517 7.769486285189535 10.9
      vertex 23.047975991650517 9.230513714810465 10.9
    endloop
  endfacet
  facet normal 0 0 1
    outer loop
      vertex 23.151471862576145 7.651471862576143 10.9
      vertex 23.151471862576145 9.348528137423857 10.9
      vertex 23.047975991650517 9.230513714810465 10.9
    endloop
  endfacet
  facet normal 0 0 1
    outer loop
      vertex 23.269486285189537 7.547975991650517 10.9
      vertex 23.269486285189537 9.452024008349483 10.9
      vertex 23.151471862576145 9.348528137423857 10.9
    endloop
  endfacet
  facet normal 0 0 1
    outer loop
      vertex 23.4 7.460769515458674 10.9
      vertex 23.4 9.539230484541326 10.9
      vertex 23.269486285189537 9.452024008349483 10.9
    endloop
  endfacet
  facet normal 0 0 1
    outer loop
      vertex 23.540779881161892 7.391344560986456 10.9
      vertex 23.4 9.539230484541326 10.9
      vertex 23.4 7.460769515458674 10.9
    endloop
  endfacet
  facet normal 0 0 1
    outer loop
      vertex 23.540779881161892 7.391344560986456 10.9
      vertex 23.689417145876973 7.340889008453118 10.9
      vertex 23.540779881161892 9.608655439013544 10.9
    endloop
  endfacet
  facet normal 0 0 1
    outer loop
      vertex 23.689417145876973 7.340889008453118 10.9
      vertex 23.843368569335937 7.310266166351427 10.9
      vertex 23.689417145876973 9.659110991546882 10.9
    endloop
  endfacet
  facet normal 0 0 1
    outer loop
      vertex 23.540779881161892 7.391344560986456 10.9
      vertex 23.540779881161892 9.608655439013544 10.9
      vertex 23.4 9.539230484541326 10.9
    endloop
  endfacet
  facet normal 0 0 1
    outer loop
      vertex 23.689417145876973 7.340889008453118 10.9
      vertex 23.689417145876973 9.659110991546882 10.9
      vertex 23.540779881161892 9.608655439013544 10.9
    endloop
  endfacet
  facet normal 0 0 1
    outer loop
      vertex 23.843368569335937 7.310266166351427 10.9
      vertex 24 7.3 10.9
      vertex 23.843368569335937 9.689733833648573 10.9
    endloop
  endfacet
  facet normal 0 0 1
    outer loop
      vertex 24 7.3 10.9
      vertex 24.156631430664063 7.310266166351427 10.9
      vertex 24 9.7 10.9
    endloop
  endfacet
  facet normal 0 0 1
    outer loop
      vertex 23.843368569335937 7.310266166351427 10.9
      vertex 23.843368569335937 9.689733833648573 10.9
      vertex 23.689417145876973 9.659110991546882 10.9
    endloop
  endfacet
  facet normal 0 0 1
    outer loop
      vertex 24 7.3 10.9
      vertex 24 9.7 10.9
      vertex 23.843368569335937 9.689733833648573 10.9
    endloop
  endfacet
  facet normal 0 0 1
    outer loop
      vertex 24.156631430664063 7.310266166351427 10.9
      vertex 24.156631430664063 9.689733833648573 10.9
      vertex 24 9.7 10.9
    endloop
  endfacet
  facet normal 0 0 1
    outer loop
      vertex 24.156631430664063 7.310266166351427 10.9
      vertex 24.310582854123027 7.340889008453118 10.9
      vertex 24.156631430664063 9.689733833648573 10.9
    endloop
  endfacet
  facet normal 0 0 1
    outer loop
      vertex 24.310582854123027 7.340889008453118 10.9
      vertex 24.459220118838108 7.391344560986456 10.9
      vertex 24.310582854123027 9.659110991546882 10.9
    endloop
  endfacet
  facet normal 0 0 1
    outer loop
      vertex 24.459220118838108 7.391344560986456 10.9
      vertex 24.6 7.460769515458674 10.9
      vertex 24.459220118838108 9.608655439013544 10.9
    endloop
  endfacet
  facet normal 0 0 1
    outer loop
      vertex 24.310582854123027 7.340889008453118 10.9
      vertex 24.310582854123027 9.659110991546882 10.9
      vertex 24.156631430664063 9.689733833648573 10.9
    endloop
  endfacet
  facet normal 0 0 1
    outer loop
      vertex 24.459220118838108 7.391344560986456 10.9
      vertex 24.459220118838108 9.608655439013544 10.9
      vertex 24.310582854123027 9.659110991546882 10.9
    endloop
  endfacet
  facet normal 0 0 1
    outer loop
      vertex 24.6 7.460769515458674 10.9
      vertex 24.730513714810463 7.547975991650517 10.9
      vertex 24.6 9.539230484541326 10.9
    endloop
  endfacet
  facet normal 0 0 1
    outer loop
      vertex 24.730513714810463 7.547975991650517 10.9
      vertex 24.848528137423855 7.651471862576143 10.9
      vertex 24.730513714810463 9.452024008349483 10.9
    endloop
  endfacet
  facet normal 0 0 1
    outer loop
      vertex 24.848528137423855 7.651471862576143 10.9
      vertex 24.952024008349483 7.769486285189535 10.9
      vertex 24.848528137423855 9.348528137423857 10.9
    endloop
  endfacet
  facet normal 0 0 1
    outer loop
      vertex 24.459220118838108 9.608655439013544 10.9
      vertex 24.6 7.460769515458674 10.9
      vertex 24.6 9.539230484541326 10.9
    endloop
  endfacet
  facet normal 0 0 1
    outer loop
      vertex 24.730513714810463 7.547975991650517 10.9
      vertex 24.730513714810463 9.452024008349483 10.9
      vertex 24.6 9.539230484541326 10.9
    endloop
  endfacet
  facet normal 0 0 1
    outer loop
      vertex 24.848528137423855 7.651471862576143 10.9
      vertex 24.848528137423855 9.348528137423857 10.9
      vertex 24.730513714810463 9.452024008349483 10.9
    endloop
  endfacet
  facet normal 0 0 1
    outer loop
      vertex 24.952024008349483 7.769486285189535 10.9
      vertex 24.952024008349483 9.230513714810465 10.9
      vertex 24.848528137423855 9.348528137423857 10.9
    endloop
  endfacet
  facet normal 0 0 1
    outer loop
      vertex 24.952024008349483 7.769486285189535 10.9
      vertex 25.039230484541328 7.9 10.9
      vertex 24.952024008349483 9.230513714810465 10.9
    endloop
  endfacet
  facet normal 0 0 1
    outer loop
      vertex 25.039230484541328 7.9 10.9
      vertex 25.108655439013543 8.040779881161892 10.9
      vertex 25.039230484541328 9.1 10.9
    endloop
  endfacet
  facet normal 0 0 1
    outer loop
      vertex 25.108655439013543 8.040779881161892 10.9
      vertex 25.159110991546882 8.189417145876975 10.9
      vertex 25.108655439013543 8.959220118838108 10.9
    endloop
  endfacet
  facet normal 0 0 1
    outer loop
      vertex 25.159110991546882 8.189417145876975 10.9
      vertex 25.18973383364857 8.343368569335938 10.9
      vertex 25.159110991546882 8.810582854123025 10.9
    endloop
  endfacet
  facet normal 0 0 1
    outer loop
      vertex 25.18973383364857 8.343368569335938 10.9
      vertex 25.2 8.5 10.9
      vertex 25.18973383364857 8.656631430664062 10.9
    endloop
  endfacet
  facet normal 0 0 1
    outer loop
      vertex 25.039230484541328 7.9 10.9
      vertex 25.039230484541328 9.1 10.9
      vertex 24.952024008349483 9.230513714810465 10.9
    endloop
  endfacet
  facet normal 0 0 1
    outer loop
      vertex 25.108655439013543 8.040779881161892 10.9
      vertex 25.108655439013543 8.959220118838108 10.9
      vertex 25.039230484541328 9.1 10.9
    endloop
  endfacet
  facet normal 0 0 1
    outer loop
      vertex 25.159110991546882 8.189417145876975 10.9
      vertex 25.159110991546882 8.810582854123025 10.9
      vertex 25.108655439013543 8.959220118838108 10.9
    endloop
  endfacet
  facet normal 0 0 1
    outer loop
      vertex 25.18973383364857 8.343368569335938 10.9
      vertex 25.18973383364857 8.656631430664062 10.9
      vertex 25.159110991546882 8.810582854123025 10.9
    endloop
  endfacet
  facet normal -0.8968727415326934 -0.4422886902189909 3.5970124194097106e-19
    outer loop
      vertex 22.960769515458672 54.9 2.4
      vertex 22.891344560986457 55.04077988116189 10.9
      vertex 22.891344560986457 55.04077988116189 2.4
    endloop
  endfacet
  facet normal -0.9469301294951037 -0.32143946530316764 -1.098922806838268e-19
    outer loop
      vertex 22.891344560986457 55.04077988116189 2.4
      vertex 22.840889008453118 55.18941714587697 10.9
      vertex 22.840889008453118 55.18941714587697 2.4
    endloop
  endfacet
  facet normal -0.9807852804032323 -0.1950903220161184 -7.903585087838052e-20
    outer loop
      vertex 22.840889008453118 55.18941714587697 2.4
      vertex 22.81026616635143 55.34336856933594 10.9
      vertex 22.81026616635143 55.34336856933594 2.4
    endloop
  endfacet
  facet normal -0.9978589232386033 -0.06540312923014742 7.689986033710168e-20
    outer loop
      vertex 22.81026616635143 55.34336856933594 2.4
      vertex 22.8 55.5 10.9
      vertex 22.8 55.5 2.4
    endloop
  endfacet
  facet normal -0.9978589232386033 0.06540312923014742 -7.689986033710168e-20
    outer loop
      vertex 22.8 55.5 2.4
      vertex 22.81026616635143 55.65663143066406 10.9
      vertex 22.81026616635143 55.65663143066406 2.4
    endloop
  endfacet
  facet normal -0.9807852804032323 0.1950903220161184 7.903585087838052e-20
    outer loop
      vertex 22.81026616635143 55.65663143066406 2.4
      vertex 22.840889008453118 55.81058285412303 10.9
      vertex 22.840889008453118 55.81058285412303 2.4
    endloop
  endfacet
  facet normal -0.9469301294951037 0.32143946530316764 1.098922806838268e-19
    outer loop
      vertex 22.840889008453118 55.81058285412303 2.4
      vertex 22.891344560986457 55.95922011883811 10.9
      vertex 22.891344560986457 55.95922011883811 2.4
    endloop
  endfacet
  facet normal -0.8968727415326934 0.4422886902189909 -3.5970124194097106e-19
    outer loop
      vertex 22.891344560986457 55.95922011883811 2.4
      vertex 22.960769515458672 56.1 10.9
      vertex 22.960769515458672 56.1 2.4
    endloop
  endfacet
  facet normal -0.8314696123025369 -0.5555702330196147 0
    outer loop
      vertex 22.960769515458672 54.9 2.4
      vertex 23.047975991650517 54.76948628518954 2.4
      vertex 22.960769515458672 54.9 10.9
    endloop
  endfacet
  facet normal -0.7518398074789697 -0.6593458151000776 -4.703265562130425e-19
    outer loop
      vertex 23.151471862576145 54.651471862576145 2.4
      vertex 23.047975991650517 54.76948628518954 10.9
      vertex 23.047975991650517 54.76948628518954 2.4
    endloop
  endfacet
  facet normal -0.6593458151000776 -0.7518398074789697 -4.703265562130425e-19
    outer loop
      vertex 23.151471862576145 54.651471862576145 2.4
      vertex 23.269486285189537 54.54797599165052 2.4
      vertex 23.269486285189537 54.54797599165052 10.9
    endloop
  endfacet
  facet normal -0.5555702330196147 -0.8314696123025369 4.389651884840253e-19
    outer loop
      vertex 23.269486285189537 54.54797599165052 2.4
      vertex 23.4 54.46076951545867 2.4
      vertex 23.4 54.46076951545867 10.9
    endloop
  endfacet
  facet normal -0.4422886902190002 -0.896872741532689 0
    outer loop
      vertex 23.540779881161892 54.391344560986454 2.4
      vertex 23.540779881161892 54.391344560986454 10.9
      vertex 23.4 54.46076951545867 2.4
    endloop
  endfacet
  facet normal -0.3214394653031542 -0.9469301294951081 2.0486654569757642e-19
    outer loop
      vertex 23.540779881161892 54.391344560986454 2.4
      vertex 23.689417145876973 54.34088900845312 2.4
      vertex 23.689417145876973 54.34088900845312 10.9
    endloop
  endfacet
  facet normal -0.19509032201614018 -0.9807852804032281 1.9073048624188545e-19
    outer loop
      vertex 23.689417145876973 54.34088900845312 2.4
      vertex 23.843368569335937 54.310266166351425 2.4
      vertex 23.843368569335937 54.310266166351425 10.9
    endloop
  endfacet
  facet normal -0.06540312923014742 -0.9978589232386033 7.689986033710168e-20
    outer loop
      vertex 23.843368569335937 54.310266166351425 2.4
      vertex 24 54.3 2.4
      vertex 24 54.3 10.9
    endloop
  endfacet
  facet normal 0.06540312923014742 -0.9978589232386033 -7.689986033710168e-20
    outer loop
      vertex 24 54.3 2.4
      vertex 24.156631430664063 54.310266166351425 2.4
      vertex 24.156631430664063 54.310266166351425 10.9
    endloop
  endfacet
  facet normal 0.19509032201614018 -0.9807852804032281 -1.9073048624188545e-19
    outer loop
      vertex 24.156631430664063 54.310266166351425 2.4
      vertex 24.310582854123027 54.34088900845312 2.4
      vertex 24.310582854123027 54.34088900845312 10.9
    endloop
  endfacet
  facet normal 0.3214394653031542 -0.9469301294951081 -2.0486654569757642e-19
    outer loop
      vertex 24.310582854123027 54.34088900845312 2.4
      vertex 24.459220118838108 54.391344560986454 2.4
      vertex 24.459220118838108 54.391344560986454 10.9
    endloop
  endfacet
  facet normal -0.8314696123025369 0.5555702330196147 -4.389651884840253e-19
    outer loop
      vertex 22.960769515458672 56.1 2.4
      vertex 23.047975991650517 56.23051371481046 10.9
      vertex 23.047975991650517 56.23051371481046 2.4
    endloop
  endfacet
  facet normal -0.7518398074789697 0.6593458151000776 4.703265562130425e-19
    outer loop
      vertex 23.047975991650517 56.23051371481046 2.4
      vertex 23.151471862576145 56.348528137423855 10.9
      vertex 23.151471862576145 56.348528137423855 2.4
    endloop
  endfacet
  facet normal -0.6593458151000776 0.7518398074789697 0
    outer loop
      vertex 23.151471862576145 56.348528137423855 2.4
      vertex 23.151471862576145 56.348528137423855 10.9
      vertex 23.269486285189537 56.45202400834948 2.4
    endloop
  endfacet
  facet normal -0.5555702330196147 0.8314696123025369 0
    outer loop
      vertex 23.269486285189537 56.45202400834948 2.4
      vertex 23.269486285189537 56.45202400834948 10.9
      vertex 23.4 56.53923048454133 2.4
    endloop
  endfacet
  facet normal -0.4422886902190002 0.896872741532689 0
    outer loop
      vertex 23.4 56.53923048454133 2.4
      vertex 23.4 56.53923048454133 10.9
      vertex 23.540779881161892 56.608655439013546 2.4
    endloop
  endfacet
  facet normal -0.3214394653031542 0.9469301294951081 0
    outer loop
      vertex 23.540779881161892 56.608655439013546 2.4
      vertex 23.540779881161892 56.608655439013546 10.9
      vertex 23.689417145876973 56.65911099154688 2.4
    endloop
  endfacet
  facet normal -0.19509032201614018 0.9807852804032281 0
    outer loop
      vertex 23.689417145876973 56.65911099154688 2.4
      vertex 23.689417145876973 56.65911099154688 10.9
      vertex 23.843368569335937 56.689733833648575 2.4
    endloop
  endfacet
  facet normal -0.06540312923014742 0.9978589232386033 0
    outer loop
      vertex 23.843368569335937 56.689733833648575 2.4
      vertex 23.843368569335937 56.689733833648575 10.9
      vertex 24 56.7 2.4
    endloop
  endfacet
  facet normal 0.06540312923014742 0.9978589232386033 7.689986033710168e-20
    outer loop
      vertex 24.156631430664063 56.689733833648575 2.4
      vertex 24 56.7 2.4
      vertex 24 56.7 10.9
    endloop
  endfacet
  facet normal 0.19509032201614018 0.9807852804032281 0
    outer loop
      vertex 24.156631430664063 56.689733833648575 2.4
      vertex 24.156631430664063 56.689733833648575 10.9
      vertex 24.310582854123027 56.65911099154688 2.4
    endloop
  endfacet
  facet normal 0.3214394653031542 0.9469301294951081 0
    outer loop
      vertex 24.310582854123027 56.65911099154688 2.4
      vertex 24.310582854123027 56.65911099154688 10.9
      vertex 24.459220118838108 56.608655439013546 2.4
    endloop
  endfacet
  facet normal 0.4422886902190002 0.896872741532689 0
    outer loop
      vertex 24.459220118838108 56.608655439013546 2.4
      vertex 24.459220118838108 56.608655439013546 10.9
      vertex 24.6 56.53923048454133 2.4
    endloop
  endfacet
  facet normal 0.4422886902190002 -0.896872741532689 2.8974018888213507e-19
    outer loop
      vertex 24.459220118838108 54.391344560986454 2.4
      vertex 24.6 54.46076951545867 2.4
      vertex 24.6 54.46076951545867 10.9
    endloop
  endfacet
  facet normal 0.5555702330196147 -0.8314696123025369 -4.389651884840253e-19
    outer loop
      vertex 24.6 54.46076951545867 2.4
      vertex 24.730513714810463 54.54797599165052 2.4
      vertex 24.730513714810463 54.54797599165052 10.9
    endloop
  endfacet
  facet normal 0.6593458151000776 -0.7518398074789697 4.703265562130425e-19
    outer loop
      vertex 24.730513714810463 54.54797599165052 2.4
      vertex 24.848528137423855 54.651471862576145 2.4
      vertex 24.848528137423855 54.651471862576145 10.9
    endloop
  endfacet
  facet normal 0.7518398074789697 -0.6593458151000776 0
    outer loop
      vertex 24.848528137423855 54.651471862576145 2.4
      vertex 24.952024008349483 54.76948628518954 2.4
      vertex 24.848528137423855 54.651471862576145 10.9
    endloop
  endfacet
  facet normal 0.8314696123025369 -0.5555702330196147 0
    outer loop
      vertex 24.952024008349483 54.76948628518954 2.4
      vertex 25.039230484541328 54.9 2.4
      vertex 24.952024008349483 54.76948628518954 10.9
    endloop
  endfacet
  facet normal 0.8968727415326934 -0.4422886902189909 0
    outer loop
      vertex 25.039230484541328 54.9 2.4
      vertex 25.108655439013543 55.04077988116189 2.4
      vertex 25.039230484541328 54.9 10.9
    endloop
  endfacet
  facet normal 0.9469301294951037 -0.32143946530316764 0
    outer loop
      vertex 25.108655439013543 55.04077988116189 2.4
      vertex 25.159110991546882 55.18941714587697 2.4
      vertex 25.108655439013543 55.04077988116189 10.9
    endloop
  endfacet
  facet normal 0.9807852804032323 -0.1950903220161184 0
    outer loop
      vertex 25.159110991546882 55.18941714587697 2.4
      vertex 25.18973383364857 55.34336856933594 2.4
      vertex 25.159110991546882 55.18941714587697 10.9
    endloop
  endfacet
  facet normal 0.9978589232386033 -0.06540312923014742 0
    outer loop
      vertex 25.18973383364857 55.34336856933594 2.4
      vertex 25.2 55.5 2.4
      vertex 25.18973383364857 55.34336856933594 10.9
    endloop
  endfacet
  facet normal 0.9978589232386033 0.06540312923014742 0
    outer loop
      vertex 25.2 55.5 2.4
      vertex 25.18973383364857 55.65663143066406 2.4
      vertex 25.2 55.5 10.9
    endloop
  endfacet
  facet normal 0.9807852804032323 0.1950903220161184 0
    outer loop
      vertex 25.18973383364857 55.65663143066406 2.4
      vertex 25.159110991546882 55.81058285412303 2.4
      vertex 25.18973383364857 55.65663143066406 10.9
    endloop
  endfacet
  facet normal 0.5555702330196147 0.8314696123025369 0
    outer loop
      vertex 24.6 56.53923048454133 2.4
      vertex 24.6 56.53923048454133 10.9
      vertex 24.730513714810463 56.45202400834948 2.4
    endloop
  endfacet
  facet normal 0.6593458151000776 0.7518398074789697 0
    outer loop
      vertex 24.730513714810463 56.45202400834948 2.4
      vertex 24.730513714810463 56.45202400834948 10.9
      vertex 24.848528137423855 56.348528137423855 2.4
    endloop
  endfacet
  facet normal 0.7518398074789697 0.6593458151000776 -4.703265562130425e-19
    outer loop
      vertex 24.848528137423855 56.348528137423855 2.4
      vertex 24.952024008349483 56.23051371481046 10.9
      vertex 24.952024008349483 56.23051371481046 2.4
    endloop
  endfacet
  facet normal 0.8968727415326934 0.4422886902189909 0
    outer loop
      vertex 25.108655439013543 55.95922011883811 2.4
      vertex 25.039230484541328 56.1 2.4
      vertex 25.108655439013543 55.95922011883811 10.9
    endloop
  endfacet
  facet normal 0.8314696123025369 0.5555702330196147 4.389651884840253e-19
    outer loop
      vertex 24.952024008349483 56.23051371481046 2.4
      vertex 25.039230484541328 56.1 10.9
      vertex 25.039230484541328 56.1 2.4
    endloop
  endfacet
  facet normal 0.9469301294951037 0.32143946530316764 -1.098922806838268e-19
    outer loop
      vertex 25.108655439013543 55.95922011883811 2.4
      vertex 25.159110991546882 55.81058285412303 10.9
      vertex 25.159110991546882 55.81058285412303 2.4
    endloop
  endfacet
  facet normal -0.8968727415326934 -0.4422886902189909 0
    outer loop
      vertex 22.960769515458672 54.9 2.4
      vertex 22.960769515458672 54.9 10.9
      vertex 22.891344560986457 55.04077988116189 10.9
    endloop
  endfacet
  facet normal -0.9469301294951037 -0.32143946530316764 0
    outer loop
      vertex 22.891344560986457 55.04077988116189 2.4
      vertex 22.891344560986457 55.04077988116189 10.9
      vertex 22.840889008453118 55.18941714587697 10.9
    endloop
  endfacet
  facet normal -0.9807852804032323 -0.1950903220161184 0
    outer loop
      vertex 22.840889008453118 55.18941714587697 2.4
      vertex 22.840889008453118 55.18941714587697 10.9
      vertex 22.81026616635143 55.34336856933594 10.9
    endloop
  endfacet
  facet normal -0.9978589232386033 -0.06540312923014742 0
    outer loop
      vertex 22.81026616635143 55.34336856933594 2.4
      vertex 22.81026616635143 55.34336856933594 10.9
      vertex 22.8 55.5 10.9
    endloop
  endfacet
  facet normal -0.9978589232386033 0.06540312923014742 0
    outer loop
      vertex 22.8 55.5 2.4
      vertex 22.8 55.5 10.9
      vertex 22.81026616635143 55.65663143066406 10.9
    endloop
  endfacet
  facet normal -0.9807852804032323 0.1950903220161184 0
    outer loop
      vertex 22.81026616635143 55.65663143066406 2.4
      vertex 22.81026616635143 55.65663143066406 10.9
      vertex 22.840889008453118 55.81058285412303 10.9
    endloop
  endfacet
  facet normal -0.9469301294951037 0.32143946530316764 0
    outer loop
      vertex 22.840889008453118 55.81058285412303 2.4
      vertex 22.840889008453118 55.81058285412303 10.9
      vertex 22.891344560986457 55.95922011883811 10.9
    endloop
  endfacet
  facet normal -0.8968727415326934 0.4422886902189909 0
    outer loop
      vertex 22.891344560986457 55.95922011883811 2.4
      vertex 22.891344560986457 55.95922011883811 10.9
      vertex 22.960769515458672 56.1 10.9
    endloop
  endfacet
  facet normal -0.8314696123025369 -0.5555702330196147 0
    outer loop
      vertex 23.047975991650517 54.76948628518954 2.4
      vertex 23.047975991650517 54.76948628518954 10.9
      vertex 22.960769515458672 54.9 10.9
    endloop
  endfacet
  facet normal -0.7518398074789697 -0.6593458151000776 0
    outer loop
      vertex 23.151471862576145 54.651471862576145 2.4
      vertex 23.151471862576145 54.651471862576145 10.9
      vertex 23.047975991650517 54.76948628518954 10.9
    endloop
  endfacet
  facet normal -0.6593458151000776 -0.7518398074789697 0
    outer loop
      vertex 23.151471862576145 54.651471862576145 2.4
      vertex 23.269486285189537 54.54797599165052 10.9
      vertex 23.151471862576145 54.651471862576145 10.9
    endloop
  endfacet
  facet normal -0.5555702330196147 -0.8314696123025369 0
    outer loop
      vertex 23.269486285189537 54.54797599165052 2.4
      vertex 23.4 54.46076951545867 10.9
      vertex 23.269486285189537 54.54797599165052 10.9
    endloop
  endfacet
  facet normal -0.4422886902190002 -0.896872741532689 0
    outer loop
      vertex 23.4 54.46076951545867 2.4
      vertex 23.540779881161892 54.391344560986454 10.9
      vertex 23.4 54.46076951545867 10.9
    endloop
  endfacet
  facet normal -0.3214394653031542 -0.9469301294951081 0
    outer loop
      vertex 23.540779881161892 54.391344560986454 2.4
      vertex 23.689417145876973 54.34088900845312 10.9
      vertex 23.540779881161892 54.391344560986454 10.9
    endloop
  endfacet
  facet normal -0.19509032201614018 -0.9807852804032281 0
    outer loop
      vertex 23.689417145876973 54.34088900845312 2.4
      vertex 23.843368569335937 54.310266166351425 10.9
      vertex 23.689417145876973 54.34088900845312 10.9
    endloop
  endfacet
  facet normal -0.06540312923014742 -0.9978589232386033 0
    outer loop
      vertex 23.843368569335937 54.310266166351425 2.4
      vertex 24 54.3 10.9
      vertex 23.843368569335937 54.310266166351425 10.9
    endloop
  endfacet
  facet normal 0.06540312923014742 -0.9978589232386033 0
    outer loop
      vertex 24 54.3 2.4
      vertex 24.156631430664063 54.310266166351425 10.9
      vertex 24 54.3 10.9
    endloop
  endfacet
  facet normal 0.19509032201614018 -0.9807852804032281 0
    outer loop
      vertex 24.156631430664063 54.310266166351425 2.4
      vertex 24.310582854123027 54.34088900845312 10.9
      vertex 24.156631430664063 54.310266166351425 10.9
    endloop
  endfacet
  facet normal 0.3214394653031542 -0.9469301294951081 0
    outer loop
      vertex 24.310582854123027 54.34088900845312 2.4
      vertex 24.459220118838108 54.391344560986454 10.9
      vertex 24.310582854123027 54.34088900845312 10.9
    endloop
  endfacet
  facet normal 0.4422886902190002 -0.896872741532689 0
    outer loop
      vertex 24.459220118838108 54.391344560986454 2.4
      vertex 24.6 54.46076951545867 10.9
      vertex 24.459220118838108 54.391344560986454 10.9
    endloop
  endfacet
  facet normal -0.8314696123025369 0.5555702330196147 0
    outer loop
      vertex 22.960769515458672 56.1 2.4
      vertex 22.960769515458672 56.1 10.9
      vertex 23.047975991650517 56.23051371481046 10.9
    endloop
  endfacet
  facet normal -0.7518398074789697 0.6593458151000776 0
    outer loop
      vertex 23.047975991650517 56.23051371481046 2.4
      vertex 23.047975991650517 56.23051371481046 10.9
      vertex 23.151471862576145 56.348528137423855 10.9
    endloop
  endfacet
  facet normal -0.6593458151000776 0.7518398074789697 0
    outer loop
      vertex 23.269486285189537 56.45202400834948 2.4
      vertex 23.151471862576145 56.348528137423855 10.9
      vertex 23.269486285189537 56.45202400834948 10.9
    endloop
  endfacet
  facet normal -0.5555702330196147 0.8314696123025369 0
    outer loop
      vertex 23.4 56.53923048454133 2.4
      vertex 23.269486285189537 56.45202400834948 10.9
      vertex 23.4 56.53923048454133 10.9
    endloop
  endfacet
  facet normal -0.4422886902190002 0.896872741532689 0
    outer loop
      vertex 23.540779881161892 56.608655439013546 2.4
      vertex 23.4 56.53923048454133 10.9
      vertex 23.540779881161892 56.608655439013546 10.9
    endloop
  endfacet
  facet normal -0.3214394653031542 0.9469301294951081 0
    outer loop
      vertex 23.689417145876973 56.65911099154688 2.4
      vertex 23.540779881161892 56.608655439013546 10.9
      vertex 23.689417145876973 56.65911099154688 10.9
    endloop
  endfacet
  facet normal -0.19509032201614018 0.9807852804032281 0
    outer loop
      vertex 23.843368569335937 56.689733833648575 2.4
      vertex 23.689417145876973 56.65911099154688 10.9
      vertex 23.843368569335937 56.689733833648575 10.9
    endloop
  endfacet
  facet normal -0.06540312923014742 0.9978589232386033 0
    outer loop
      vertex 24 56.7 2.4
      vertex 23.843368569335937 56.689733833648575 10.9
      vertex 24 56.7 10.9
    endloop
  endfacet
  facet normal 0.06540312923014742 0.9978589232386033 0
    outer loop
      vertex 24.156631430664063 56.689733833648575 2.4
      vertex 24 56.7 10.9
      vertex 24.156631430664063 56.689733833648575 10.9
    endloop
  endfacet
  facet normal 0.19509032201614018 0.9807852804032281 0
    outer loop
      vertex 24.310582854123027 56.65911099154688 2.4
      vertex 24.156631430664063 56.689733833648575 10.9
      vertex 24.310582854123027 56.65911099154688 10.9
    endloop
  endfacet
  facet normal 0.3214394653031542 0.9469301294951081 0
    outer loop
      vertex 24.459220118838108 56.608655439013546 2.4
      vertex 24.310582854123027 56.65911099154688 10.9
      vertex 24.459220118838108 56.608655439013546 10.9
    endloop
  endfacet
  facet normal 0.5555702330196147 -0.8314696123025369 0
    outer loop
      vertex 24.6 54.46076951545867 2.4
      vertex 24.730513714810463 54.54797599165052 10.9
      vertex 24.6 54.46076951545867 10.9
    endloop
  endfacet
  facet normal 0.6593458151000776 -0.7518398074789697 0
    outer loop
      vertex 24.730513714810463 54.54797599165052 2.4
      vertex 24.848528137423855 54.651471862576145 10.9
      vertex 24.730513714810463 54.54797599165052 10.9
    endloop
  endfacet
  facet normal 0.7518398074789697 -0.6593458151000776 0
    outer loop
      vertex 24.952024008349483 54.76948628518954 2.4
      vertex 24.952024008349483 54.76948628518954 10.9
      vertex 24.848528137423855 54.651471862576145 10.9
    endloop
  endfacet
  facet normal 0.8314696123025369 -0.5555702330196147 0
    outer loop
      vertex 25.039230484541328 54.9 2.4
      vertex 25.039230484541328 54.9 10.9
      vertex 24.952024008349483 54.76948628518954 10.9
    endloop
  endfacet
  facet normal 0.8968727415326934 -0.4422886902189909 0
    outer loop
      vertex 25.108655439013543 55.04077988116189 2.4
      vertex 25.108655439013543 55.04077988116189 10.9
      vertex 25.039230484541328 54.9 10.9
    endloop
  endfacet
  facet normal 0.9469301294951037 -0.32143946530316764 0
    outer loop
      vertex 25.159110991546882 55.18941714587697 2.4
      vertex 25.159110991546882 55.18941714587697 10.9
      vertex 25.108655439013543 55.04077988116189 10.9
    endloop
  endfacet
  facet normal 0.9807852804032323 -0.1950903220161184 0
    outer loop
      vertex 25.18973383364857 55.34336856933594 2.4
      vertex 25.18973383364857 55.34336856933594 10.9
      vertex 25.159110991546882 55.18941714587697 10.9
    endloop
  endfacet
  facet normal 0.9978589232386033 -0.06540312923014742 0
    outer loop
      vertex 25.2 55.5 2.4
      vertex 25.2 55.5 10.9
      vertex 25.18973383364857 55.34336856933594 10.9
    endloop
  endfacet
  facet normal 0.9978589232386033 0.06540312923014742 0
    outer loop
      vertex 25.18973383364857 55.65663143066406 2.4
      vertex 25.18973383364857 55.65663143066406 10.9
      vertex 25.2 55.5 10.9
    endloop
  endfacet
  facet normal 0.9807852804032323 0.1950903220161184 0
    outer loop
      vertex 25.159110991546882 55.81058285412303 2.4
      vertex 25.159110991546882 55.81058285412303 10.9
      vertex 25.18973383364857 55.65663143066406 10.9
    endloop
  endfacet
  facet normal 0.4422886902190002 0.896872741532689 0
    outer loop
      vertex 24.6 56.53923048454133 2.4
      vertex 24.459220118838108 56.608655439013546 10.9
      vertex 24.6 56.53923048454133 10.9
    endloop
  endfacet
  facet normal 0.5555702330196147 0.8314696123025369 0
    outer loop
      vertex 24.730513714810463 56.45202400834948 2.4
      vertex 24.6 56.53923048454133 10.9
      vertex 24.730513714810463 56.45202400834948 10.9
    endloop
  endfacet
  facet normal 0.6593458151000776 0.7518398074789697 0
    outer loop
      vertex 24.848528137423855 56.348528137423855 2.4
      vertex 24.730513714810463 56.45202400834948 10.9
      vertex 24.848528137423855 56.348528137423855 10.9
    endloop
  endfacet
  facet normal 0.7518398074789697 0.6593458151000776 0
    outer loop
      vertex 24.848528137423855 56.348528137423855 2.4
      vertex 24.848528137423855 56.348528137423855 10.9
      vertex 24.952024008349483 56.23051371481046 10.9
    endloop
  endfacet
  facet normal 0.8314696123025369 0.5555702330196147 0
    outer loop
      vertex 24.952024008349483 56.23051371481046 2.4
      vertex 24.952024008349483 56.23051371481046 10.9
      vertex 25.039230484541328 56.1 10.9
    endloop
  endfacet
  facet normal 0.8968727415326934 0.4422886902189909 0
    outer loop
      vertex 25.039230484541328 56.1 2.4
      vertex 25.039230484541328 56.1 10.9
      vertex 25.108655439013543 55.95922011883811 10.9
    endloop
  endfacet
  facet normal 0.9469301294951037 0.32143946530316764 0
    outer loop
      vertex 25.108655439013543 55.95922011883811 2.4
      vertex 25.108655439013543 55.95922011883811 10.9
      vertex 25.159110991546882 55.81058285412303 10.9
    endloop
  endfacet
  facet normal 0 0 1
    outer loop
      vertex 22.891344560986457 55.04077988116189 10.9
      vertex 22.840889008453118 55.81058285412303 10.9
      vertex 22.840889008453118 55.18941714587697 10.9
    endloop
  endfacet
  facet normal 0 0 1
    outer loop
      vertex 22.960769515458672 54.9 10.9
      vertex 22.891344560986457 55.95922011883811 10.9
      vertex 22.891344560986457 55.04077988116189 10.9
    endloop
  endfacet
  facet normal 0 0 1
    outer loop
      vertex 22.840889008453118 55.18941714587697 10.9
      vertex 22.81026616635143 55.65663143066406 10.9
      vertex 22.81026616635143 55.34336856933594 10.9
    endloop
  endfacet
  facet normal 0 0 1
    outer loop
      vertex 22.81026616635143 55.34336856933594 10.9
      vertex 22.81026616635143 55.65663143066406 10.9
      vertex 22.8 55.5 10.9
    endloop
  endfacet
  facet normal 0 0 1
    outer loop
      vertex 22.840889008453118 55.18941714587697 10.9
      vertex 22.840889008453118 55.81058285412303 10.9
      vertex 22.81026616635143 55.65663143066406 10.9
    endloop
  endfacet
  facet normal 0 0 1
    outer loop
      vertex 22.891344560986457 55.04077988116189 10.9
      vertex 22.891344560986457 55.95922011883811 10.9
      vertex 22.840889008453118 55.81058285412303 10.9
    endloop
  endfacet
  facet normal 0 0 1
    outer loop
      vertex 22.960769515458672 54.9 10.9
      vertex 22.960769515458672 56.1 10.9
      vertex 22.891344560986457 55.95922011883811 10.9
    endloop
  endfacet
  facet normal 0 0 1
    outer loop
      vertex 22.960769515458672 54.9 10.9
      vertex 23.047975991650517 54.76948628518954 10.9
      vertex 22.960769515458672 56.1 10.9
    endloop
  endfacet
  facet normal 0 0 1
    outer loop
      vertex 23.151471862576145 54.651471862576145 10.9
      vertex 23.047975991650517 56.23051371481046 10.9
      vertex 23.047975991650517 54.76948628518954 10.9
    endloop
  endfacet
  facet normal 0 0 1
    outer loop
      vertex 23.151471862576145 54.651471862576145 10.9
      vertex 23.269486285189537 54.54797599165052 10.9
      vertex 23.151471862576145 56.348528137423855 10.9
    endloop
  endfacet
  facet normal 0 0 1
    outer loop
      vertex 23.269486285189537 54.54797599165052 10.9
      vertex 23.4 54.46076951545867 10.9
      vertex 23.269486285189537 56.45202400834948 10.9
    endloop
  endfacet
  facet normal 0 0 1
    outer loop
      vertex 22.960769515458672 56.1 10.9
      vertex 23.047975991650517 54.76948628518954 10.9
      vertex 23.047975991650517 56.23051371481046 10.9
    endloop
  endfacet
  facet normal 0 0 1
    outer loop
      vertex 23.151471862576145 54.651471862576145 10.9
      vertex 23.151471862576145 56.348528137423855 10.9
      vertex 23.047975991650517 56.23051371481046 10.9
    endloop
  endfacet
  facet normal 0 0 1
    outer loop
      vertex 23.269486285189537 54.54797599165052 10.9
      vertex 23.269486285189537 56.45202400834948 10.9
      vertex 23.151471862576145 56.348528137423855 10.9
    endloop
  endfacet
  facet normal 0 0 1
    outer loop
      vertex 23.540779881161892 54.391344560986454 10.9
      vertex 23.4 56.53923048454133 10.9
      vertex 23.4 54.46076951545867 10.9
    endloop
  endfacet
  facet normal 0 0 1
    outer loop
      vertex 23.540779881161892 54.391344560986454 10.9
      vertex 23.689417145876973 54.34088900845312 10.9
      vertex 23.540779881161892 56.608655439013546 10.9
    endloop
  endfacet
  facet normal 0 0 1
    outer loop
      vertex 23.689417145876973 54.34088900845312 10.9
      vertex 23.843368569335937 54.310266166351425 10.9
      vertex 23.689417145876973 56.65911099154688 10.9
    endloop
  endfacet
  facet normal 0 0 1
    outer loop
      vertex 23.4 54.46076951545867 10.9
      vertex 23.4 56.53923048454133 10.9
      vertex 23.269486285189537 56.45202400834948 10.9
    endloop
  endfacet
  facet normal 0 0 1
    outer loop
      vertex 23.540779881161892 54.391344560986454 10.9
      vertex 23.540779881161892 56.608655439013546 10.9
      vertex 23.4 56.53923048454133 10.9
    endloop
  endfacet
  facet normal 0 0 1
    outer loop
      vertex 23.689417145876973 54.34088900845312 10.9
      vertex 23.689417145876973 56.65911099154688 10.9
      vertex 23.540779881161892 56.608655439013546 10.9
    endloop
  endfacet
  facet normal 0 0 1
    outer loop
      vertex 23.843368569335937 54.310266166351425 10.9
      vertex 24 54.3 10.9
      vertex 23.843368569335937 56.689733833648575 10.9
    endloop
  endfacet
  facet normal 0 0 1
    outer loop
      vertex 24 54.3 10.9
      vertex 24.156631430664063 54.310266166351425 10.9
      vertex 24 56.7 10.9
    endloop
  endfacet
  facet normal 0 0 1
    outer loop
      vertex 24.156631430664063 54.310266166351425 10.9
      vertex 24.310582854123027 54.34088900845312 10.9
      vertex 24.156631430664063 56.689733833648575 10.9
    endloop
  endfacet
  facet normal 0 0 1
    outer loop
      vertex 24.310582854123027 54.34088900845312 10.9
      vertex 24.459220118838108 54.391344560986454 10.9
      vertex 24.310582854123027 56.65911099154688 10.9
    endloop
  endfacet
  facet normal 0 0 1
    outer loop
      vertex 24.459220118838108 54.391344560986454 10.9
      vertex 24.6 54.46076951545867 10.9
      vertex 24.459220118838108 56.608655439013546 10.9
    endloop
  endfacet
  facet normal 0 0 1
    outer loop
      vertex 23.843368569335937 54.310266166351425 10.9
      vertex 23.843368569335937 56.689733833648575 10.9
      vertex 23.689417145876973 56.65911099154688 10.9
    endloop
  endfacet
  facet normal 0 0 1
    outer loop
      vertex 24 54.3 10.9
      vertex 24 56.7 10.9
      vertex 23.843368569335937 56.689733833648575 10.9
    endloop
  endfacet
  facet normal 0 0 1
    outer loop
      vertex 24.156631430664063 54.310266166351425 10.9
      vertex 24.156631430664063 56.689733833648575 10.9
      vertex 24 56.7 10.9
    endloop
  endfacet
  facet normal 0 0 1
    outer loop
      vertex 24.310582854123027 54.34088900845312 10.9
      vertex 24.310582854123027 56.65911099154688 10.9
      vertex 24.156631430664063 56.689733833648575 10.9
    endloop
  endfacet
  facet normal 0 0 1
    outer loop
      vertex 24.459220118838108 54.391344560986454 10.9
      vertex 24.459220118838108 56.608655439013546 10.9
      vertex 24.310582854123027 56.65911099154688 10.9
    endloop
  endfacet
  facet normal 0 0 1
    outer loop
      vertex 24.6 54.46076951545867 10.9
      vertex 24.730513714810463 54.54797599165052 10.9
      vertex 24.6 56.53923048454133 10.9
    endloop
  endfacet
  facet normal 0 0 1
    outer loop
      vertex 24.730513714810463 54.54797599165052 10.9
      vertex 24.848528137423855 54.651471862576145 10.9
      vertex 24.730513714810463 56.45202400834948 10.9
    endloop
  endfacet
  facet normal 0 0 1
    outer loop
      vertex 24.848528137423855 54.651471862576145 10.9
      vertex 24.952024008349483 54.76948628518954 10.9
      vertex 24.848528137423855 56.348528137423855 10.9
    endloop
  endfacet
  facet normal 0 0 1
    outer loop
      vertex 24.952024008349483 54.76948628518954 10.9
      vertex 24.952024008349483 56.23051371481046 10.9
      vertex 24.848528137423855 56.348528137423855 10.9
    endloop
  endfacet
  facet normal 0 0 1
    outer loop
      vertex 24.952024008349483 54.76948628518954 10.9
      vertex 25.039230484541328 54.9 10.9
      vertex 24.952024008349483 56.23051371481046 10.9
    endloop
  endfacet
  facet normal 0 0 1
    outer loop
      vertex 25.039230484541328 54.9 10.9
      vertex 25.108655439013543 55.04077988116189 10.9
      vertex 25.039230484541328 56.1 10.9
    endloop
  endfacet
  facet normal 0 0 1
    outer loop
      vertex 25.039230484541328 54.9 10.9
      vertex 25.039230484541328 56.1 10.9
      vertex 24.952024008349483 56.23051371481046 10.9
    endloop
  endfacet
  facet normal 0 0 1
    outer loop
      vertex 25.108655439013543 55.04077988116189 10.9
      vertex 25.108655439013543 55.95922011883811 10.9
      vertex 25.039230484541328 56.1 10.9
    endloop
  endfacet
  facet normal 0 0 1
    outer loop
      vertex 25.108655439013543 55.04077988116189 10.9
      vertex 25.159110991546882 55.18941714587697 10.9
      vertex 25.108655439013543 55.95922011883811 10.9
    endloop
  endfacet
  facet normal 0 0 1
    outer loop
      vertex 25.159110991546882 55.18941714587697 10.9
      vertex 25.18973383364857 55.34336856933594 10.9
      vertex 25.159110991546882 55.81058285412303 10.9
    endloop
  endfacet
  facet normal 0 0 1
    outer loop
      vertex 25.18973383364857 55.34336856933594 10.9
      vertex 25.2 55.5 10.9
      vertex 25.18973383364857 55.65663143066406 10.9
    endloop
  endfacet
  facet normal 0 0 1
    outer loop
      vertex 25.159110991546882 55.18941714587697 10.9
      vertex 25.159110991546882 55.81058285412303 10.9
      vertex 25.108655439013543 55.95922011883811 10.9
    endloop
  endfacet
  facet normal 0 0 1
    outer loop
      vertex 25.18973383364857 55.34336856933594 10.9
      vertex 25.18973383364857 55.65663143066406 10.9
      vertex 25.159110991546882 55.81058285412303 10.9
    endloop
  endfacet
  facet normal 0 0 1
    outer loop
      vertex 24.459220118838108 56.608655439013546 10.9
      vertex 24.6 54.46076951545867 10.9
      vertex 24.6 56.53923048454133 10.9
    endloop
  endfacet
  facet normal 0 0 1
    outer loop
      vertex 24.730513714810463 54.54797599165052 10.9
      vertex 24.730513714810463 56.45202400834948 10.9
      vertex 24.6 56.53923048454133 10.9
    endloop
  endfacet
  facet normal 0 0 1
    outer loop
      vertex 24.848528137423855 54.651471862576145 10.9
      vertex 24.848528137423855 56.348528137423855 10.9
      vertex 24.730513714810463 56.45202400834948 10.9
    endloop
  endfacet
  facet normal -0.9469301294951094 -0.32143946530315076 0
    outer loop
      vertex 46.34088900845312 8.189417145876975 2.4
      vertex 46.391344560986454 8.040779881161892 2.4
      vertex 46.34088900845312 8.189417145876975 10.9
    endloop
  endfacet
  facet normal -0.9807852804032281 -0.19509032201614018 1.9073048624188545e-19
    outer loop
      vertex 46.34088900845312 8.189417145876975 2.4
      vertex 46.310266166351425 8.343368569335938 10.9
      vertex 46.310266166351425 8.343368569335938 2.4
    endloop
  endfacet
  facet normal -0.9978589232386033 -0.06540312923014817 -6.929908632156685e-20
    outer loop
      vertex 46.310266166351425 8.343368569335938 2.4
      vertex 46.3 8.5 10.9
      vertex 46.3 8.5 2.4
    endloop
  endfacet
  facet normal -0.9978589232386033 0.06540312923014817 6.929908632156685e-20
    outer loop
      vertex 46.3 8.5 2.4
      vertex 46.310266166351425 8.656631430664062 10.9
      vertex 46.310266166351425 8.656631430664062 2.4
    endloop
  endfacet
  facet normal -0.9807852804032281 0.19509032201614018 -1.9073048624188545e-19
    outer loop
      vertex 46.310266166351425 8.656631430664062 2.4
      vertex 46.34088900845312 8.810582854123025 10.9
      vertex 46.34088900845312 8.810582854123025 2.4
    endloop
  endfacet
  facet normal -0.6593458151000713 -0.7518398074789754 6.306203763740154e-19
    outer loop
      vertex 46.651471862576145 7.651471862576143 2.4
      vertex 46.76948628518954 7.547975991650517 2.4
      vertex 46.76948628518954 7.547975991650517 10.9
    endloop
  endfacet
  facet normal -0.8314696123025439 -0.5555702330196043 -3.396613767344586e-19
    outer loop
      vertex 46.54797599165052 7.769486285189535 2.4
      vertex 46.46076951545867 7.9 10.9
      vertex 46.46076951545867 7.9 2.4
    endloop
  endfacet
  facet normal -0.8968727415326866 -0.44228869021900463 0
    outer loop
      vertex 46.391344560986454 8.040779881161892 2.4
      vertex 46.46076951545867 7.9 2.4
      vertex 46.391344560986454 8.040779881161892 10.9
    endloop
  endfacet
  facet normal -0.7518398074789697 -0.6593458151000776 0
    outer loop
      vertex 46.54797599165052 7.769486285189535 2.4
      vertex 46.651471862576145 7.651471862576143 2.4
      vertex 46.54797599165052 7.769486285189535 10.9
    endloop
  endfacet
  facet normal -0.5555702330196068 -0.831469612302542 -2.1239332744777975e-20
    outer loop
      vertex 46.76948628518954 7.547975991650517 2.4
      vertex 46.9 7.460769515458674 2.4
      vertex 46.9 7.460769515458674 10.9
    endloop
  endfacet
  facet normal -0.44228869021900913 -0.8968727415326844 -5.2709635055737684e-20
    outer loop
      vertex 46.9 7.460769515458674 2.4
      vertex 47.04077988116189 7.391344560986456 2.4
      vertex 47.04077988116189 7.391344560986456 10.9
    endloop
  endfacet
  facet normal -0.3214394653031575 -0.9469301294951071 1.5607015249865436e-19
    outer loop
      vertex 47.04077988116189 7.391344560986456 2.4
      vertex 47.18941714587697 7.340889008453118 2.4
      vertex 47.18941714587697 7.340889008453118 10.9
    endloop
  endfacet
  facet normal -0.19509032201612928 -0.9807852804032302 -2.69196244872574e-19
    outer loop
      vertex 47.18941714587697 7.340889008453118 2.4
      vertex 47.34336856933594 7.310266166351427 2.4
      vertex 47.34336856933594 7.310266166351427 10.9
    endloop
  endfacet
  facet normal -0.06540312923014178 -0.9978589232386036 5.7705775439959035e-21
    outer loop
      vertex 47.34336856933594 7.310266166351427 2.4
      vertex 47.5 7.3 2.4
      vertex 47.5 7.3 10.9
    endloop
  endfacet
  facet normal 0.06540312923014178 -0.9978589232386036 -5.7705775439959035e-21
    outer loop
      vertex 47.5 7.3 2.4
      vertex 47.65663143066406 7.310266166351427 2.4
      vertex 47.65663143066406 7.310266166351427 10.9
    endloop
  endfacet
  facet normal 0.19509032201612928 -0.9807852804032302 2.69196244872574e-19
    outer loop
      vertex 47.65663143066406 7.310266166351427 2.4
      vertex 47.81058285412303 7.340889008453118 2.4
      vertex 47.81058285412303 7.340889008453118 10.9
    endloop
  endfacet
  facet normal 0.3214394653031575 -0.9469301294951071 -1.5607015249865436e-19
    outer loop
      vertex 47.81058285412303 7.340889008453118 2.4
      vertex 47.95922011883811 7.391344560986456 2.4
      vertex 47.95922011883811 7.391344560986456 10.9
    endloop
  endfacet
  facet normal -0.9469301294951094 0.32143946530315076 1.1593996864970735e-20
    outer loop
      vertex 46.34088900845312 8.810582854123025 2.4
      vertex 46.391344560986454 8.959220118838108 10.9
      vertex 46.391344560986454 8.959220118838108 2.4
    endloop
  endfacet
  facet normal -0.8968727415326866 0.44228869021900463 1.7122491196893756e-19
    outer loop
      vertex 46.391344560986454 8.959220118838108 2.4
      vertex 46.46076951545867 9.1 10.9
      vertex 46.46076951545867 9.1 2.4
    endloop
  endfacet
  facet normal -0.8314696123025439 0.5555702330196043 3.396613767344586e-19
    outer loop
      vertex 46.46076951545867 9.1 2.4
      vertex 46.54797599165052 9.230513714810465 10.9
      vertex 46.54797599165052 9.230513714810465 2.4
    endloop
  endfacet
  facet normal -0.7518398074789697 0.6593458151000776 4.703265562130425e-19
    outer loop
      vertex 46.54797599165052 9.230513714810465 2.4
      vertex 46.651471862576145 9.348528137423857 10.9
      vertex 46.651471862576145 9.348528137423857 2.4
    endloop
  endfacet
  facet normal -0.6593458151000713 0.7518398074789754 0
    outer loop
      vertex 46.651471862576145 9.348528137423857 2.4
      vertex 46.651471862576145 9.348528137423857 10.9
      vertex 46.76948628518954 9.452024008349483 2.4
    endloop
  endfacet
  facet normal -0.5555702330196068 0.831469612302542 0
    outer loop
      vertex 46.76948628518954 9.452024008349483 2.4
      vertex 46.76948628518954 9.452024008349483 10.9
      vertex 46.9 9.539230484541326 2.4
    endloop
  endfacet
  facet normal -0.44228869021900913 0.8968727415326844 0
    outer loop
      vertex 46.9 9.539230484541326 2.4
      vertex 46.9 9.539230484541326 10.9
      vertex 47.04077988116189 9.608655439013544 2.4
    endloop
  endfacet
  facet normal -0.3214394653031575 0.9469301294951071 0
    outer loop
      vertex 47.04077988116189 9.608655439013544 2.4
      vertex 47.04077988116189 9.608655439013544 10.9
      vertex 47.18941714587697 9.659110991546882 2.4
    endloop
  endfacet
  facet normal -0.19509032201612928 0.9807852804032302 0
    outer loop
      vertex 47.18941714587697 9.659110991546882 2.4
      vertex 47.18941714587697 9.659110991546882 10.9
      vertex 47.34336856933594 9.689733833648573 2.4
    endloop
  endfacet
  facet normal -0.06540312923013615 0.9978589232386039 0
    outer loop
      vertex 47.34336856933594 9.689733833648573 2.4
      vertex 47.34336856933594 9.689733833648573 10.9
      vertex 47.5 9.7 2.4
    endloop
  endfacet
  facet normal 0.06540312923013615 0.9978589232386039 0
    outer loop
      vertex 47.5 9.7 2.4
      vertex 47.5 9.7 10.9
      vertex 47.65663143066406 9.689733833648573 2.4
    endloop
  endfacet
  facet normal 0.19509032201612928 0.9807852804032302 0
    outer loop
      vertex 47.65663143066406 9.689733833648573 2.4
      vertex 47.65663143066406 9.689733833648573 10.9
      vertex 47.81058285412303 9.659110991546882 2.4
    endloop
  endfacet
  facet normal 0.3214394653031575 0.9469301294951071 0
    outer loop
      vertex 47.81058285412303 9.659110991546882 2.4
      vertex 47.81058285412303 9.659110991546882 10.9
      vertex 47.95922011883811 9.608655439013544 2.4
    endloop
  endfacet
  facet normal 0.44228869021900913 -0.8968727415326844 5.2709635055737684e-20
    outer loop
      vertex 47.95922011883811 7.391344560986456 2.4
      vertex 48.1 7.460769515458674 2.4
      vertex 48.1 7.460769515458674 10.9
    endloop
  endfacet
  facet normal 0.5555702330196068 -0.831469612302542 2.1239332744777975e-20
    outer loop
      vertex 48.1 7.460769515458674 2.4
      vertex 48.23051371481046 7.547975991650517 2.4
      vertex 48.23051371481046 7.547975991650517 10.9
    endloop
  endfacet
  facet normal 0.6593458151000713 -0.7518398074789754 -6.306203763740154e-19
    outer loop
      vertex 48.23051371481046 7.547975991650517 2.4
      vertex 48.348528137423855 7.651471862576143 2.4
      vertex 48.348528137423855 7.651471862576143 10.9
    endloop
  endfacet
  facet normal 0.7518398074789697 -0.6593458151000776 0
    outer loop
      vertex 48.348528137423855 7.651471862576143 2.4
      vertex 48.45202400834948 7.769486285189535 2.4
      vertex 48.348528137423855 7.651471862576143 10.9
    endloop
  endfacet
  facet normal 0.8314696123025439 -0.5555702330196043 0
    outer loop
      vertex 48.45202400834948 7.769486285189535 2.4
      vertex 48.53923048454133 7.9 2.4
      vertex 48.45202400834948 7.769486285189535 10.9
    endloop
  endfacet
  facet normal 0.8968727415326866 -0.44228869021900463 0
    outer loop
      vertex 48.53923048454133 7.9 2.4
      vertex 48.608655439013546 8.040779881161892 2.4
      vertex 48.53923048454133 7.9 10.9
    endloop
  endfacet
  facet normal 0.9469301294951094 -0.32143946530315076 0
    outer loop
      vertex 48.608655439013546 8.040779881161892 2.4
      vertex 48.65911099154688 8.189417145876975 2.4
      vertex 48.608655439013546 8.040779881161892 10.9
    endloop
  endfacet
  facet normal 0.9807852804032281 -0.19509032201614018 0
    outer loop
      vertex 48.65911099154688 8.189417145876975 2.4
      vertex 48.689733833648575 8.343368569335938 2.4
      vertex 48.65911099154688 8.189417145876975 10.9
    endloop
  endfacet
  facet normal 0.9978589232386033 -0.06540312923014817 0
    outer loop
      vertex 48.689733833648575 8.343368569335938 2.4
      vertex 48.7 8.5 2.4
      vertex 48.689733833648575 8.343368569335938 10.9
    endloop
  endfacet
  facet normal 0.9978589232386033 0.06540312923014817 0
    outer loop
      vertex 48.7 8.5 2.4
      vertex 48.689733833648575 8.656631430664062 2.4
      vertex 48.7 8.5 10.9
    endloop
  endfacet
  facet normal 0.9807852804032281 0.19509032201614018 0
    outer loop
      vertex 48.689733833648575 8.656631430664062 2.4
      vertex 48.65911099154688 8.810582854123025 2.4
      vertex 48.689733833648575 8.656631430664062 10.9
    endloop
  endfacet
  facet normal 0.9469301294951094 0.32143946530315076 0
    outer loop
      vertex 48.65911099154688 8.810582854123025 2.4
      vertex 48.608655439013546 8.959220118838108 2.4
      vertex 48.65911099154688 8.810582854123025 10.9
    endloop
  endfacet
  facet normal 0.6593458151000713 0.7518398074789754 0
    outer loop
      vertex 48.23051371481046 9.452024008349483 2.4
      vertex 48.23051371481046 9.452024008349483 10.9
      vertex 48.348528137423855 9.348528137423857 2.4
    endloop
  endfacet
  facet normal 0.44228869021900913 0.8968727415326844 0
    outer loop
      vertex 47.95922011883811 9.608655439013544 2.4
      vertex 47.95922011883811 9.608655439013544 10.9
      vertex 48.1 9.539230484541326 2.4
    endloop
  endfacet
  facet normal 0.5555702330196068 0.831469612302542 0
    outer loop
      vertex 48.1 9.539230484541326 2.4
      vertex 48.1 9.539230484541326 10.9
      vertex 48.23051371481046 9.452024008349483 2.4
    endloop
  endfacet
  facet normal 0.7518398074789697 0.6593458151000776 -4.703265562130425e-19
    outer loop
      vertex 48.348528137423855 9.348528137423857 2.4
      vertex 48.45202400834948 9.230513714810465 10.9
      vertex 48.45202400834948 9.230513714810465 2.4
    endloop
  endfacet
  facet normal 0.8968727415326866 0.44228869021900463 0
    outer loop
      vertex 48.608655439013546 8.959220118838108 2.4
      vertex 48.53923048454133 9.1 2.4
      vertex 48.608655439013546 8.959220118838108 10.9
    endloop
  endfacet
  facet normal 0.8314696123025439 0.5555702330196043 -3.396613767344586e-19
    outer loop
      vertex 48.45202400834948 9.230513714810465 2.4
      vertex 48.53923048454133 9.1 10.9
      vertex 48.53923048454133 9.1 2.4
    endloop
  endfacet
  facet normal -0.9807852804032281 -0.19509032201614018 0
    outer loop
      vertex 46.34088900845312 8.189417145876975 2.4
      vertex 46.34088900845312 8.189417145876975 10.9
      vertex 46.310266166351425 8.343368569335938 10.9
    endloop
  endfacet
  facet normal -0.9978589232386033 -0.06540312923014817 0
    outer loop
      vertex 46.310266166351425 8.343368569335938 2.4
      vertex 46.310266166351425 8.343368569335938 10.9
      vertex 46.3 8.5 10.9
    endloop
  endfacet
  facet normal -0.9978589232386033 0.06540312923014817 0
    outer loop
      vertex 46.3 8.5 2.4
      vertex 46.3 8.5 10.9
      vertex 46.310266166351425 8.656631430664062 10.9
    endloop
  endfacet
  facet normal -0.9807852804032281 0.19509032201614018 0
    outer loop
      vertex 46.310266166351425 8.656631430664062 2.4
      vertex 46.310266166351425 8.656631430664062 10.9
      vertex 46.34088900845312 8.810582854123025 10.9
    endloop
  endfacet
  facet normal -0.9469301294951094 0.32143946530315076 0
    outer loop
      vertex 46.34088900845312 8.810582854123025 2.4
      vertex 46.34088900845312 8.810582854123025 10.9
      vertex 46.391344560986454 8.959220118838108 10.9
    endloop
  endfacet
  facet normal -0.6593458151000713 -0.7518398074789754 0
    outer loop
      vertex 46.651471862576145 7.651471862576143 2.4
      vertex 46.76948628518954 7.547975991650517 10.9
      vertex 46.651471862576145 7.651471862576143 10.9
    endloop
  endfacet
  facet normal -0.8314696123025439 -0.5555702330196043 0
    outer loop
      vertex 46.54797599165052 7.769486285189535 2.4
      vertex 46.54797599165052 7.769486285189535 10.9
      vertex 46.46076951545867 7.9 10.9
    endloop
  endfacet
  facet normal -0.8968727415326866 -0.44228869021900463 0
    outer loop
      vertex 46.46076951545867 7.9 2.4
      vertex 46.46076951545867 7.9 10.9
      vertex 46.391344560986454 8.040779881161892 10.9
    endloop
  endfacet
  facet normal -0.9469301294951094 -0.32143946530315076 0
    outer loop
      vertex 46.391344560986454 8.040779881161892 2.4
      vertex 46.391344560986454 8.040779881161892 10.9
      vertex 46.34088900845312 8.189417145876975 10.9
    endloop
  endfacet
  facet normal -0.7518398074789697 -0.6593458151000776 0
    outer loop
      vertex 46.651471862576145 7.651471862576143 2.4
      vertex 46.651471862576145 7.651471862576143 10.9
      vertex 46.54797599165052 7.769486285189535 10.9
    endloop
  endfacet
  facet normal -0.5555702330196068 -0.831469612302542 0
    outer loop
      vertex 46.76948628518954 7.547975991650517 2.4
      vertex 46.9 7.460769515458674 10.9
      vertex 46.76948628518954 7.547975991650517 10.9
    endloop
  endfacet
  facet normal -0.44228869021900913 -0.8968727415326844 0
    outer loop
      vertex 46.9 7.460769515458674 2.4
      vertex 47.04077988116189 7.391344560986456 10.9
      vertex 46.9 7.460769515458674 10.9
    endloop
  endfacet
  facet normal -0.3214394653031575 -0.9469301294951071 0
    outer loop
      vertex 47.04077988116189 7.391344560986456 2.4
      vertex 47.18941714587697 7.340889008453118 10.9
      vertex 47.04077988116189 7.391344560986456 10.9
    endloop
  endfacet
  facet normal -0.19509032201612928 -0.9807852804032302 0
    outer loop
      vertex 47.18941714587697 7.340889008453118 2.4
      vertex 47.34336856933594 7.310266166351427 10.9
      vertex 47.18941714587697 7.340889008453118 10.9
    endloop
  endfacet
  facet normal -0.06540312923014178 -0.9978589232386036 0
    outer loop
      vertex 47.34336856933594 7.310266166351427 2.4
      vertex 47.5 7.3 10.9
      vertex 47.34336856933594 7.310266166351427 10.9
    endloop
  endfacet
  facet normal 0.06540312923014178 -0.9978589232386036 0
    outer loop
      vertex 47.5 7.3 2.4
      vertex 47.65663143066406 7.310266166351427 10.9
      vertex 47.5 7.3 10.9
    endloop
  endfacet
  facet normal 0.19509032201612928 -0.9807852804032302 0
    outer loop
      vertex 47.65663143066406 7.310266166351427 2.4
      vertex 47.81058285412303 7.340889008453118 10.9
      vertex 47.65663143066406 7.310266166351427 10.9
    endloop
  endfacet
  facet normal 0.3214394653031575 -0.9469301294951071 0
    outer loop
      vertex 47.81058285412303 7.340889008453118 2.4
      vertex 47.95922011883811 7.391344560986456 10.9
      vertex 47.81058285412303 7.340889008453118 10.9
    endloop
  endfacet
  facet normal -0.8968727415326866 0.44228869021900463 0
    outer loop
      vertex 46.391344560986454 8.959220118838108 2.4
      vertex 46.391344560986454 8.959220118838108 10.9
      vertex 46.46076951545867 9.1 10.9
    endloop
  endfacet
  facet normal -0.8314696123025439 0.5555702330196043 0
    outer loop
      vertex 46.46076951545867 9.1 2.4
      vertex 46.46076951545867 9.1 10.9
      vertex 46.54797599165052 9.230513714810465 10.9
    endloop
  endfacet
  facet normal -0.7518398074789697 0.6593458151000776 0
    outer loop
      vertex 46.54797599165052 9.230513714810465 2.4
      vertex 46.54797599165052 9.230513714810465 10.9
      vertex 46.651471862576145 9.348528137423857 10.9
    endloop
  endfacet
  facet normal -0.6593458151000713 0.7518398074789754 0
    outer loop
      vertex 46.76948628518954 9.452024008349483 2.4
      vertex 46.651471862576145 9.348528137423857 10.9
      vertex 46.76948628518954 9.452024008349483 10.9
    endloop
  endfacet
  facet normal -0.5555702330196068 0.831469612302542 0
    outer loop
      vertex 46.9 9.539230484541326 2.4
      vertex 46.76948628518954 9.452024008349483 10.9
      vertex 46.9 9.539230484541326 10.9
    endloop
  endfacet
  facet normal -0.44228869021900913 0.8968727415326844 0
    outer loop
      vertex 47.04077988116189 9.608655439013544 2.4
      vertex 46.9 9.539230484541326 10.9
      vertex 47.04077988116189 9.608655439013544 10.9
    endloop
  endfacet
  facet normal -0.3214394653031575 0.9469301294951071 0
    outer loop
      vertex 47.18941714587697 9.659110991546882 2.4
      vertex 47.04077988116189 9.608655439013544 10.9
      vertex 47.18941714587697 9.659110991546882 10.9
    endloop
  endfacet
  facet normal -0.19509032201612928 0.9807852804032302 0
    outer loop
      vertex 47.34336856933594 9.689733833648573 2.4
      vertex 47.18941714587697 9.659110991546882 10.9
      vertex 47.34336856933594 9.689733833648573 10.9
    endloop
  endfacet
  facet normal -0.06540312923013615 0.9978589232386039 0
    outer loop
      vertex 47.5 9.7 2.4
      vertex 47.34336856933594 9.689733833648573 10.9
      vertex 47.5 9.7 10.9
    endloop
  endfacet
  facet normal 0.06540312923013615 0.9978589232386039 0
    outer loop
      vertex 47.65663143066406 9.689733833648573 2.4
      vertex 47.5 9.7 10.9
      vertex 47.65663143066406 9.689733833648573 10.9
    endloop
  endfacet
  facet normal 0.19509032201612928 0.9807852804032302 0
    outer loop
      vertex 47.81058285412303 9.659110991546882 2.4
      vertex 47.65663143066406 9.689733833648573 10.9
      vertex 47.81058285412303 9.659110991546882 10.9
    endloop
  endfacet
  facet normal 0.3214394653031575 0.9469301294951071 0
    outer loop
      vertex 47.95922011883811 9.608655439013544 2.4
      vertex 47.81058285412303 9.659110991546882 10.9
      vertex 47.95922011883811 9.608655439013544 10.9
    endloop
  endfacet
  facet normal 0.44228869021900913 -0.8968727415326844 0
    outer loop
      vertex 47.95922011883811 7.391344560986456 2.4
      vertex 48.1 7.460769515458674 10.9
      vertex 47.95922011883811 7.391344560986456 10.9
    endloop
  endfacet
  facet normal 0.5555702330196068 -0.831469612302542 0
    outer loop
      vertex 48.1 7.460769515458674 2.4
      vertex 48.23051371481046 7.547975991650517 10.9
      vertex 48.1 7.460769515458674 10.9
    endloop
  endfacet
  facet normal 0.6593458151000713 -0.7518398074789754 0
    outer loop
      vertex 48.23051371481046 7.547975991650517 2.4
      vertex 48.348528137423855 7.651471862576143 10.9
      vertex 48.23051371481046 7.547975991650517 10.9
    endloop
  endfacet
  facet normal 0.7518398074789697 -0.6593458151000776 0
    outer loop
      vertex 48.45202400834948 7.769486285189535 2.4
      vertex 48.45202400834948 7.769486285189535 10.9
      vertex 48.348528137423855 7.651471862576143 10.9
    endloop
  endfacet
  facet normal 0.8314696123025439 -0.5555702330196043 0
    outer loop
      vertex 48.53923048454133 7.9 2.4
      vertex 48.53923048454133 7.9 10.9
      vertex 48.45202400834948 7.769486285189535 10.9
    endloop
  endfacet
  facet normal 0.8968727415326866 -0.44228869021900463 0
    outer loop
      vertex 48.608655439013546 8.040779881161892 2.4
      vertex 48.608655439013546 8.040779881161892 10.9
      vertex 48.53923048454133 7.9 10.9
    endloop
  endfacet
  facet normal 0.9469301294951094 -0.32143946530315076 0
    outer loop
      vertex 48.65911099154688 8.189417145876975 2.4
      vertex 48.65911099154688 8.189417145876975 10.9
      vertex 48.608655439013546 8.040779881161892 10.9
    endloop
  endfacet
  facet normal 0.9807852804032281 -0.19509032201614018 0
    outer loop
      vertex 48.689733833648575 8.343368569335938 2.4
      vertex 48.689733833648575 8.343368569335938 10.9
      vertex 48.65911099154688 8.189417145876975 10.9
    endloop
  endfacet
  facet normal 0.9978589232386033 -0.06540312923014817 0
    outer loop
      vertex 48.7 8.5 2.4
      vertex 48.7 8.5 10.9
      vertex 48.689733833648575 8.343368569335938 10.9
    endloop
  endfacet
  facet normal 0.9978589232386033 0.06540312923014817 0
    outer loop
      vertex 48.689733833648575 8.656631430664062 2.4
      vertex 48.689733833648575 8.656631430664062 10.9
      vertex 48.7 8.5 10.9
    endloop
  endfacet
  facet normal 0.9807852804032281 0.19509032201614018 0
    outer loop
      vertex 48.65911099154688 8.810582854123025 2.4
      vertex 48.65911099154688 8.810582854123025 10.9
      vertex 48.689733833648575 8.656631430664062 10.9
    endloop
  endfacet
  facet normal 0.9469301294951094 0.32143946530315076 0
    outer loop
      vertex 48.608655439013546 8.959220118838108 2.4
      vertex 48.608655439013546 8.959220118838108 10.9
      vertex 48.65911099154688 8.810582854123025 10.9
    endloop
  endfacet
  facet normal 0.6593458151000713 0.7518398074789754 0
    outer loop
      vertex 48.348528137423855 9.348528137423857 2.4
      vertex 48.23051371481046 9.452024008349483 10.9
      vertex 48.348528137423855 9.348528137423857 10.9
    endloop
  endfacet
  facet normal 0.44228869021900913 0.8968727415326844 0
    outer loop
      vertex 48.1 9.539230484541326 2.4
      vertex 47.95922011883811 9.608655439013544 10.9
      vertex 48.1 9.539230484541326 10.9
    endloop
  endfacet
  facet normal 0.5555702330196068 0.831469612302542 0
    outer loop
      vertex 48.23051371481046 9.452024008349483 2.4
      vertex 48.1 9.539230484541326 10.9
      vertex 48.23051371481046 9.452024008349483 10.9
    endloop
  endfacet
  facet normal 0.8314696123025439 0.5555702330196043 0
    outer loop
      vertex 48.45202400834948 9.230513714810465 2.4
      vertex 48.45202400834948 9.230513714810465 10.9
      vertex 48.53923048454133 9.1 10.9
    endloop
  endfacet
  facet normal 0.7518398074789697 0.6593458151000776 0
    outer loop
      vertex 48.348528137423855 9.348528137423857 2.4
      vertex 48.348528137423855 9.348528137423857 10.9
      vertex 48.45202400834948 9.230513714810465 10.9
    endloop
  endfacet
  facet normal 0.8968727415326866 0.44228869021900463 0
    outer loop
      vertex 48.53923048454133 9.1 2.4
      vertex 48.53923048454133 9.1 10.9
      vertex 48.608655439013546 8.959220118838108 10.9
    endloop
  endfacet
  facet normal 0 0 1
    outer loop
      vertex 46.34088900845312 8.189417145876975 10.9
      vertex 46.391344560986454 8.040779881161892 10.9
      vertex 46.34088900845312 8.810582854123025 10.9
    endloop
  endfacet
  facet normal 0 0 1
    outer loop
      vertex 46.34088900845312 8.189417145876975 10.9
      vertex 46.310266166351425 8.656631430664062 10.9
      vertex 46.310266166351425 8.343368569335938 10.9
    endloop
  endfacet
  facet normal 0 0 1
    outer loop
      vertex 46.310266166351425 8.343368569335938 10.9
      vertex 46.310266166351425 8.656631430664062 10.9
      vertex 46.3 8.5 10.9
    endloop
  endfacet
  facet normal 0 0 1
    outer loop
      vertex 46.34088900845312 8.189417145876975 10.9
      vertex 46.34088900845312 8.810582854123025 10.9
      vertex 46.310266166351425 8.656631430664062 10.9
    endloop
  endfacet
  facet normal 0 0 1
    outer loop
      vertex 46.391344560986454 8.040779881161892 10.9
      vertex 46.46076951545867 7.9 10.9
      vertex 46.391344560986454 8.959220118838108 10.9
    endloop
  endfacet
  facet normal 0 0 1
    outer loop
      vertex 46.54797599165052 7.769486285189535 10.9
      vertex 46.46076951545867 9.1 10.9
      vertex 46.46076951545867 7.9 10.9
    endloop
  endfacet
  facet normal 0 0 1
    outer loop
      vertex 46.54797599165052 7.769486285189535 10.9
      vertex 46.651471862576145 7.651471862576143 10.9
      vertex 46.54797599165052 9.230513714810465 10.9
    endloop
  endfacet
  facet normal 0 0 1
    outer loop
      vertex 46.651471862576145 7.651471862576143 10.9
      vertex 46.76948628518954 7.547975991650517 10.9
      vertex 46.651471862576145 9.348528137423857 10.9
    endloop
  endfacet
  facet normal 0 0 1
    outer loop
      vertex 46.34088900845312 8.810582854123025 10.9
      vertex 46.391344560986454 8.040779881161892 10.9
      vertex 46.391344560986454 8.959220118838108 10.9
    endloop
  endfacet
  facet normal 0 0 1
    outer loop
      vertex 46.46076951545867 7.9 10.9
      vertex 46.46076951545867 9.1 10.9
      vertex 46.391344560986454 8.959220118838108 10.9
    endloop
  endfacet
  facet normal 0 0 1
    outer loop
      vertex 46.54797599165052 7.769486285189535 10.9
      vertex 46.54797599165052 9.230513714810465 10.9
      vertex 46.46076951545867 9.1 10.9
    endloop
  endfacet
  facet normal 0 0 1
    outer loop
      vertex 46.651471862576145 7.651471862576143 10.9
      vertex 46.651471862576145 9.348528137423857 10.9
      vertex 46.54797599165052 9.230513714810465 10.9
    endloop
  endfacet
  facet normal 0 0 1
    outer loop
      vertex 46.76948628518954 7.547975991650517 10.9
      vertex 46.76948628518954 9.452024008349483 10.9
      vertex 46.651471862576145 9.348528137423857 10.9
    endloop
  endfacet
  facet normal 0 0 1
    outer loop
      vertex 46.76948628518954 7.547975991650517 10.9
      vertex 46.9 7.460769515458674 10.9
      vertex 46.76948628518954 9.452024008349483 10.9
    endloop
  endfacet
  facet normal 0 0 1
    outer loop
      vertex 46.9 7.460769515458674 10.9
      vertex 47.04077988116189 7.391344560986456 10.9
      vertex 46.9 9.539230484541326 10.9
    endloop
  endfacet
  facet normal 0 0 1
    outer loop
      vertex 47.04077988116189 7.391344560986456 10.9
      vertex 47.18941714587697 7.340889008453118 10.9
      vertex 47.04077988116189 9.608655439013544 10.9
    endloop
  endfacet
  facet normal 0 0 1
    outer loop
      vertex 46.9 7.460769515458674 10.9
      vertex 46.9 9.539230484541326 10.9
      vertex 46.76948628518954 9.452024008349483 10.9
    endloop
  endfacet
  facet normal 0 0 1
    outer loop
      vertex 47.04077988116189 7.391344560986456 10.9
      vertex 47.04077988116189 9.608655439013544 10.9
      vertex 46.9 9.539230484541326 10.9
    endloop
  endfacet
  facet normal 0 0 1
    outer loop
      vertex 47.18941714587697 7.340889008453118 10.9
      vertex 47.18941714587697 9.659110991546882 10.9
      vertex 47.04077988116189 9.608655439013544 10.9
    endloop
  endfacet
  facet normal 0 0 1
    outer loop
      vertex 47.18941714587697 7.340889008453118 10.9
      vertex 47.34336856933594 7.310266166351427 10.9
      vertex 47.18941714587697 9.659110991546882 10.9
    endloop
  endfacet
  facet normal 0 0 1
    outer loop
      vertex 47.34336856933594 7.310266166351427 10.9
      vertex 47.5 7.3 10.9
      vertex 47.34336856933594 9.689733833648573 10.9
    endloop
  endfacet
  facet normal 0 0 1
    outer loop
      vertex 47.34336856933594 7.310266166351427 10.9
      vertex 47.34336856933594 9.689733833648573 10.9
      vertex 47.18941714587697 9.659110991546882 10.9
    endloop
  endfacet
  facet normal 0 0 1
    outer loop
      vertex 47.5 7.3 10.9
      vertex 47.5 9.7 10.9
      vertex 47.34336856933594 9.689733833648573 10.9
    endloop
  endfacet
  facet normal 0 0 1
    outer loop
      vertex 47.5 7.3 10.9
      vertex 47.65663143066406 7.310266166351427 10.9
      vertex 47.5 9.7 10.9
    endloop
  endfacet
  facet normal 0 0 1
    outer loop
      vertex 47.65663143066406 7.310266166351427 10.9
      vertex 47.81058285412303 7.340889008453118 10.9
      vertex 47.65663143066406 9.689733833648573 10.9
    endloop
  endfacet
  facet normal 0 0 1
    outer loop
      vertex 47.81058285412303 7.340889008453118 10.9
      vertex 47.95922011883811 7.391344560986456 10.9
      vertex 47.81058285412303 9.659110991546882 10.9
    endloop
  endfacet
  facet normal 0 0 1
    outer loop
      vertex 47.65663143066406 7.310266166351427 10.9
      vertex 47.65663143066406 9.689733833648573 10.9
      vertex 47.5 9.7 10.9
    endloop
  endfacet
  facet normal 0 0 1
    outer loop
      vertex 47.81058285412303 7.340889008453118 10.9
      vertex 47.81058285412303 9.659110991546882 10.9
      vertex 47.65663143066406 9.689733833648573 10.9
    endloop
  endfacet
  facet normal 0 0 1
    outer loop
      vertex 47.81058285412303 9.659110991546882 10.9
      vertex 47.95922011883811 7.391344560986456 10.9
      vertex 47.95922011883811 9.608655439013544 10.9
    endloop
  endfacet
  facet normal 0 0 1
    outer loop
      vertex 47.95922011883811 7.391344560986456 10.9
      vertex 48.1 7.460769515458674 10.9
      vertex 47.95922011883811 9.608655439013544 10.9
    endloop
  endfacet
  facet normal 0 0 1
    outer loop
      vertex 48.1 7.460769515458674 10.9
      vertex 48.23051371481046 7.547975991650517 10.9
      vertex 48.1 9.539230484541326 10.9
    endloop
  endfacet
  facet normal 0 0 1
    outer loop
      vertex 48.23051371481046 7.547975991650517 10.9
      vertex 48.348528137423855 7.651471862576143 10.9
      vertex 48.23051371481046 9.452024008349483 10.9
    endloop
  endfacet
  facet normal 0 0 1
    outer loop
      vertex 48.1 7.460769515458674 10.9
      vertex 48.1 9.539230484541326 10.9
      vertex 47.95922011883811 9.608655439013544 10.9
    endloop
  endfacet
  facet normal 0 0 1
    outer loop
      vertex 48.23051371481046 7.547975991650517 10.9
      vertex 48.23051371481046 9.452024008349483 10.9
      vertex 48.1 9.539230484541326 10.9
    endloop
  endfacet
  facet normal 0 0 1
    outer loop
      vertex 48.348528137423855 7.651471862576143 10.9
      vertex 48.348528137423855 9.348528137423857 10.9
      vertex 48.23051371481046 9.452024008349483 10.9
    endloop
  endfacet
  facet normal 0 0 1
    outer loop
      vertex 48.348528137423855 7.651471862576143 10.9
      vertex 48.45202400834948 7.769486285189535 10.9
      vertex 48.348528137423855 9.348528137423857 10.9
    endloop
  endfacet
  facet normal 0 0 1
    outer loop
      vertex 48.45202400834948 7.769486285189535 10.9
      vertex 48.53923048454133 7.9 10.9
      vertex 48.45202400834948 9.230513714810465 10.9
    endloop
  endfacet
  facet normal 0 0 1
    outer loop
      vertex 48.53923048454133 7.9 10.9
      vertex 48.608655439013546 8.040779881161892 10.9
      vertex 48.53923048454133 9.1 10.9
    endloop
  endfacet
  facet normal 0 0 1
    outer loop
      vertex 48.608655439013546 8.040779881161892 10.9
      vertex 48.65911099154688 8.189417145876975 10.9
      vertex 48.608655439013546 8.959220118838108 10.9
    endloop
  endfacet
  facet normal 0 0 1
    outer loop
      vertex 48.65911099154688 8.189417145876975 10.9
      vertex 48.689733833648575 8.343368569335938 10.9
      vertex 48.65911099154688 8.810582854123025 10.9
    endloop
  endfacet
  facet normal 0 0 1
    outer loop
      vertex 48.689733833648575 8.343368569335938 10.9
      vertex 48.7 8.5 10.9
      vertex 48.689733833648575 8.656631430664062 10.9
    endloop
  endfacet
  facet normal 0 0 1
    outer loop
      vertex 48.45202400834948 7.769486285189535 10.9
      vertex 48.45202400834948 9.230513714810465 10.9
      vertex 48.348528137423855 9.348528137423857 10.9
    endloop
  endfacet
  facet normal 0 0 1
    outer loop
      vertex 48.53923048454133 7.9 10.9
      vertex 48.53923048454133 9.1 10.9
      vertex 48.45202400834948 9.230513714810465 10.9
    endloop
  endfacet
  facet normal 0 0 1
    outer loop
      vertex 48.608655439013546 8.040779881161892 10.9
      vertex 48.608655439013546 8.959220118838108 10.9
      vertex 48.53923048454133 9.1 10.9
    endloop
  endfacet
  facet normal 0 0 1
    outer loop
      vertex 48.65911099154688 8.189417145876975 10.9
      vertex 48.65911099154688 8.810582854123025 10.9
      vertex 48.608655439013546 8.959220118838108 10.9
    endloop
  endfacet
  facet normal 0 0 1
    outer loop
      vertex 48.689733833648575 8.343368569335938 10.9
      vertex 48.689733833648575 8.656631430664062 10.9
      vertex 48.65911099154688 8.810582854123025 10.9
    endloop
  endfacet
  facet normal -0.9469301294951106 -0.3214394653031474 0
    outer loop
      vertex 46.34088900845312 55.18941714587697 2.4
      vertex 46.391344560986454 55.04077988116189 2.4
      vertex 46.34088900845312 55.18941714587697 10.9
    endloop
  endfacet
  facet normal -0.9807852804032281 -0.19509032201614018 1.9073048624188545e-19
    outer loop
      vertex 46.34088900845312 55.18941714587697 2.4
      vertex 46.310266166351425 55.34336856933594 10.9
      vertex 46.310266166351425 55.34336856933594 2.4
    endloop
  endfacet
  facet normal -0.9978589232386033 -0.06540312923014742 7.689986033710168e-20
    outer loop
      vertex 46.310266166351425 55.34336856933594 2.4
      vertex 46.3 55.5 10.9
      vertex 46.3 55.5 2.4
    endloop
  endfacet
  facet normal -0.9978589232386033 0.06540312923014742 -7.689986033710168e-20
    outer loop
      vertex 46.3 55.5 2.4
      vertex 46.310266166351425 55.65663143066406 10.9
      vertex 46.310266166351425 55.65663143066406 2.4
    endloop
  endfacet
  facet normal -0.9807852804032281 0.19509032201614018 -1.9073048624188545e-19
    outer loop
      vertex 46.310266166351425 55.65663143066406 2.4
      vertex 46.34088900845312 55.81058285412303 10.9
      vertex 46.34088900845312 55.81058285412303 2.4
    endloop
  endfacet
  facet normal -0.8314696123025369 -0.5555702330196147 4.389651884840253e-19
    outer loop
      vertex 46.54797599165052 54.76948628518954 2.4
      vertex 46.46076951545867 54.9 10.9
      vertex 46.46076951545867 54.9 2.4
    endloop
  endfacet
  facet normal -0.6593458151000776 -0.7518398074789697 -4.703265562130425e-19
    outer loop
      vertex 46.651471862576145 54.651471862576145 2.4
      vertex 46.76948628518954 54.54797599165052 2.4
      vertex 46.76948628518954 54.54797599165052 10.9
    endloop
  endfacet
  facet normal -0.7518398074789697 -0.6593458151000776 0
    outer loop
      vertex 46.54797599165052 54.76948628518954 2.4
      vertex 46.651471862576145 54.651471862576145 2.4
      vertex 46.54797599165052 54.76948628518954 10.9
    endloop
  endfacet
  facet normal -0.44228869021900913 -0.8968727415326844 0
    outer loop
      vertex 47.04077988116189 54.391344560986454 2.4
      vertex 47.04077988116189 54.391344560986454 10.9
      vertex 46.9 54.46076951545867 2.4
    endloop
  endfacet
  facet normal -0.3214394653031474 -0.9469301294951106 -2.2805453942751324e-19
    outer loop
      vertex 47.04077988116189 54.391344560986454 2.4
      vertex 47.18941714587697 54.34088900845312 2.4
      vertex 47.18941714587697 54.34088900845312 10.9
    endloop
  endfacet
  facet normal -0.5555702330196147 -0.8314696123025369 4.389651884840253e-19
    outer loop
      vertex 46.76948628518954 54.54797599165052 2.4
      vertex 46.9 54.46076951545867 2.4
      vertex 46.9 54.46076951545867 10.9
    endloop
  endfacet
  facet normal -0.19509032201614018 -0.9807852804032281 1.9073048624188545e-19
    outer loop
      vertex 47.18941714587697 54.34088900845312 2.4
      vertex 47.34336856933594 54.310266166351425 2.4
      vertex 47.34336856933594 54.310266166351425 10.9
    endloop
  endfacet
  facet normal -0.06540312923014742 -0.9978589232386033 7.689986033710168e-20
    outer loop
      vertex 47.34336856933594 54.310266166351425 2.4
      vertex 47.5 54.3 2.4
      vertex 47.5 54.3 10.9
    endloop
  endfacet
  facet normal 0.06540312923014742 -0.9978589232386033 -7.689986033710168e-20
    outer loop
      vertex 47.5 54.3 2.4
      vertex 47.65663143066406 54.310266166351425 2.4
      vertex 47.65663143066406 54.310266166351425 10.9
    endloop
  endfacet
  facet normal 0.19509032201614018 -0.9807852804032281 -1.9073048624188545e-19
    outer loop
      vertex 47.65663143066406 54.310266166351425 2.4
      vertex 47.81058285412303 54.34088900845312 2.4
      vertex 47.81058285412303 54.34088900845312 10.9
    endloop
  endfacet
  facet normal 0.3214394653031474 -0.9469301294951106 2.2805453942751324e-19
    outer loop
      vertex 47.81058285412303 54.34088900845312 2.4
      vertex 47.95922011883811 54.391344560986454 2.4
      vertex 47.95922011883811 54.391344560986454 10.9
    endloop
  endfacet
  facet normal -0.8968727415326844 -0.44228869021900913 -5.2709635055737684e-20
    outer loop
      vertex 46.46076951545867 54.9 2.4
      vertex 46.391344560986454 55.04077988116189 10.9
      vertex 46.391344560986454 55.04077988116189 2.4
    endloop
  endfacet
  facet normal -0.9469301294951106 0.3214394653031474 2.2805453942751324e-19
    outer loop
      vertex 46.34088900845312 55.81058285412303 2.4
      vertex 46.391344560986454 55.95922011883811 10.9
      vertex 46.391344560986454 55.95922011883811 2.4
    endloop
  endfacet
  facet normal -0.8968727415326844 0.44228869021900913 5.2709635055737684e-20
    outer loop
      vertex 46.391344560986454 55.95922011883811 2.4
      vertex 46.46076951545867 56.1 10.9
      vertex 46.46076951545867 56.1 2.4
    endloop
  endfacet
  facet normal -0.8314696123025369 0.5555702330196147 -4.389651884840253e-19
    outer loop
      vertex 46.46076951545867 56.1 2.4
      vertex 46.54797599165052 56.23051371481046 10.9
      vertex 46.54797599165052 56.23051371481046 2.4
    endloop
  endfacet
  facet normal -0.7518398074789697 0.6593458151000776 4.703265562130425e-19
    outer loop
      vertex 46.54797599165052 56.23051371481046 2.4
      vertex 46.651471862576145 56.348528137423855 10.9
      vertex 46.651471862576145 56.348528137423855 2.4
    endloop
  endfacet
  facet normal -0.6593458151000776 0.7518398074789697 0
    outer loop
      vertex 46.651471862576145 56.348528137423855 2.4
      vertex 46.651471862576145 56.348528137423855 10.9
      vertex 46.76948628518954 56.45202400834948 2.4
    endloop
  endfacet
  facet normal -0.5555702330196147 0.8314696123025369 0
    outer loop
      vertex 46.76948628518954 56.45202400834948 2.4
      vertex 46.76948628518954 56.45202400834948 10.9
      vertex 46.9 56.53923048454133 2.4
    endloop
  endfacet
  facet normal -0.44228869021900913 0.8968727415326844 0
    outer loop
      vertex 46.9 56.53923048454133 2.4
      vertex 46.9 56.53923048454133 10.9
      vertex 47.04077988116189 56.608655439013546 2.4
    endloop
  endfacet
  facet normal -0.3214394653031474 0.9469301294951106 0
    outer loop
      vertex 47.04077988116189 56.608655439013546 2.4
      vertex 47.04077988116189 56.608655439013546 10.9
      vertex 47.18941714587697 56.65911099154688 2.4
    endloop
  endfacet
  facet normal -0.19509032201614018 0.9807852804032281 0
    outer loop
      vertex 47.18941714587697 56.65911099154688 2.4
      vertex 47.18941714587697 56.65911099154688 10.9
      vertex 47.34336856933594 56.689733833648575 2.4
    endloop
  endfacet
  facet normal -0.06540312923014742 0.9978589232386033 0
    outer loop
      vertex 47.34336856933594 56.689733833648575 2.4
      vertex 47.34336856933594 56.689733833648575 10.9
      vertex 47.5 56.7 2.4
    endloop
  endfacet
  facet normal 0.06540312923014742 0.9978589232386033 7.689986033710168e-20
    outer loop
      vertex 47.65663143066406 56.689733833648575 2.4
      vertex 47.5 56.7 2.4
      vertex 47.5 56.7 10.9
    endloop
  endfacet
  facet normal 0.19509032201614018 0.9807852804032281 0
    outer loop
      vertex 47.65663143066406 56.689733833648575 2.4
      vertex 47.65663143066406 56.689733833648575 10.9
      vertex 47.81058285412303 56.65911099154688 2.4
    endloop
  endfacet
  facet normal 0.3214394653031474 0.9469301294951106 0
    outer loop
      vertex 47.81058285412303 56.65911099154688 2.4
      vertex 47.81058285412303 56.65911099154688 10.9
      vertex 47.95922011883811 56.608655439013546 2.4
    endloop
  endfacet
  facet normal 0.44228869021900913 -0.8968727415326844 5.2709635055737684e-20
    outer loop
      vertex 47.95922011883811 54.391344560986454 2.4
      vertex 48.1 54.46076951545867 2.4
      vertex 48.1 54.46076951545867 10.9
    endloop
  endfacet
  facet normal 0.5555702330196147 -0.8314696123025369 -4.389651884840253e-19
    outer loop
      vertex 48.1 54.46076951545867 2.4
      vertex 48.23051371481046 54.54797599165052 2.4
      vertex 48.23051371481046 54.54797599165052 10.9
    endloop
  endfacet
  facet normal 0.6593458151000776 -0.7518398074789697 4.703265562130425e-19
    outer loop
      vertex 48.23051371481046 54.54797599165052 2.4
      vertex 48.348528137423855 54.651471862576145 2.4
      vertex 48.348528137423855 54.651471862576145 10.9
    endloop
  endfacet
  facet normal 0.7518398074789697 -0.6593458151000776 0
    outer loop
      vertex 48.348528137423855 54.651471862576145 2.4
      vertex 48.45202400834948 54.76948628518954 2.4
      vertex 48.348528137423855 54.651471862576145 10.9
    endloop
  endfacet
  facet normal 0.8314696123025369 -0.5555702330196147 0
    outer loop
      vertex 48.45202400834948 54.76948628518954 2.4
      vertex 48.53923048454133 54.9 2.4
      vertex 48.45202400834948 54.76948628518954 10.9
    endloop
  endfacet
  facet normal 0.8968727415326844 -0.44228869021900913 0
    outer loop
      vertex 48.53923048454133 54.9 2.4
      vertex 48.608655439013546 55.04077988116189 2.4
      vertex 48.53923048454133 54.9 10.9
    endloop
  endfacet
  facet normal 0.9469301294951106 -0.3214394653031474 0
    outer loop
      vertex 48.608655439013546 55.04077988116189 2.4
      vertex 48.65911099154688 55.18941714587697 2.4
      vertex 48.608655439013546 55.04077988116189 10.9
    endloop
  endfacet
  facet normal 0.9807852804032281 -0.19509032201614018 0
    outer loop
      vertex 48.65911099154688 55.18941714587697 2.4
      vertex 48.689733833648575 55.34336856933594 2.4
      vertex 48.65911099154688 55.18941714587697 10.9
    endloop
  endfacet
  facet normal 0.9978589232386033 -0.06540312923014742 0
    outer loop
      vertex 48.689733833648575 55.34336856933594 2.4
      vertex 48.7 55.5 2.4
      vertex 48.689733833648575 55.34336856933594 10.9
    endloop
  endfacet
  facet normal 0.9978589232386033 0.06540312923014742 0
    outer loop
      vertex 48.7 55.5 2.4
      vertex 48.689733833648575 55.65663143066406 2.4
      vertex 48.7 55.5 10.9
    endloop
  endfacet
  facet normal 0.9807852804032281 0.19509032201614018 0
    outer loop
      vertex 48.689733833648575 55.65663143066406 2.4
      vertex 48.65911099154688 55.81058285412303 2.4
      vertex 48.689733833648575 55.65663143066406 10.9
    endloop
  endfacet
  facet normal 0.44228869021900913 0.8968727415326844 0
    outer loop
      vertex 47.95922011883811 56.608655439013546 2.4
      vertex 47.95922011883811 56.608655439013546 10.9
      vertex 48.1 56.53923048454133 2.4
    endloop
  endfacet
  facet normal 0.6593458151000776 0.7518398074789697 0
    outer loop
      vertex 48.23051371481046 56.45202400834948 2.4
      vertex 48.23051371481046 56.45202400834948 10.9
      vertex 48.348528137423855 56.348528137423855 2.4
    endloop
  endfacet
  facet normal 0.5555702330196147 0.8314696123025369 0
    outer loop
      vertex 48.1 56.53923048454133 2.4
      vertex 48.1 56.53923048454133 10.9
      vertex 48.23051371481046 56.45202400834948 2.4
    endloop
  endfacet
  facet normal 0.8968727415326844 0.44228869021900913 0
    outer loop
      vertex 48.608655439013546 55.95922011883811 2.4
      vertex 48.53923048454133 56.1 2.4
      vertex 48.608655439013546 55.95922011883811 10.9
    endloop
  endfacet
  facet normal 0.9469301294951106 0.3214394653031474 0
    outer loop
      vertex 48.65911099154688 55.81058285412303 2.4
      vertex 48.608655439013546 55.95922011883811 2.4
      vertex 48.65911099154688 55.81058285412303 10.9
    endloop
  endfacet
  facet normal 0.8314696123025369 0.5555702330196147 4.389651884840253e-19
    outer loop
      vertex 48.45202400834948 56.23051371481046 2.4
      vertex 48.53923048454133 56.1 10.9
      vertex 48.53923048454133 56.1 2.4
    endloop
  endfacet
  facet normal 0.7518398074789697 0.6593458151000776 0
    outer loop
      vertex 48.45202400834948 56.23051371481046 2.4
      vertex 48.348528137423855 56.348528137423855 2.4
      vertex 48.45202400834948 56.23051371481046 10.9
    endloop
  endfacet
  facet normal -0.9807852804032281 -0.19509032201614018 0
    outer loop
      vertex 46.34088900845312 55.18941714587697 2.4
      vertex 46.34088900845312 55.18941714587697 10.9
      vertex 46.310266166351425 55.34336856933594 10.9
    endloop
  endfacet
  facet normal -0.9978589232386033 -0.06540312923014742 0
    outer loop
      vertex 46.310266166351425 55.34336856933594 2.4
      vertex 46.310266166351425 55.34336856933594 10.9
      vertex 46.3 55.5 10.9
    endloop
  endfacet
  facet normal -0.9978589232386033 0.06540312923014742 0
    outer loop
      vertex 46.3 55.5 2.4
      vertex 46.3 55.5 10.9
      vertex 46.310266166351425 55.65663143066406 10.9
    endloop
  endfacet
  facet normal -0.9807852804032281 0.19509032201614018 0
    outer loop
      vertex 46.310266166351425 55.65663143066406 2.4
      vertex 46.310266166351425 55.65663143066406 10.9
      vertex 46.34088900845312 55.81058285412303 10.9
    endloop
  endfacet
  facet normal -0.9469301294951106 0.3214394653031474 0
    outer loop
      vertex 46.34088900845312 55.81058285412303 2.4
      vertex 46.34088900845312 55.81058285412303 10.9
      vertex 46.391344560986454 55.95922011883811 10.9
    endloop
  endfacet
  facet normal -0.8314696123025369 -0.5555702330196147 0
    outer loop
      vertex 46.54797599165052 54.76948628518954 2.4
      vertex 46.54797599165052 54.76948628518954 10.9
      vertex 46.46076951545867 54.9 10.9
    endloop
  endfacet
  facet normal -0.6593458151000776 -0.7518398074789697 0
    outer loop
      vertex 46.651471862576145 54.651471862576145 2.4
      vertex 46.76948628518954 54.54797599165052 10.9
      vertex 46.651471862576145 54.651471862576145 10.9
    endloop
  endfacet
  facet normal -0.7518398074789697 -0.6593458151000776 0
    outer loop
      vertex 46.651471862576145 54.651471862576145 2.4
      vertex 46.651471862576145 54.651471862576145 10.9
      vertex 46.54797599165052 54.76948628518954 10.9
    endloop
  endfacet
  facet normal -0.44228869021900913 -0.8968727415326844 0
    outer loop
      vertex 46.9 54.46076951545867 2.4
      vertex 47.04077988116189 54.391344560986454 10.9
      vertex 46.9 54.46076951545867 10.9
    endloop
  endfacet
  facet normal -0.3214394653031474 -0.9469301294951106 0
    outer loop
      vertex 47.04077988116189 54.391344560986454 2.4
      vertex 47.18941714587697 54.34088900845312 10.9
      vertex 47.04077988116189 54.391344560986454 10.9
    endloop
  endfacet
  facet normal -0.5555702330196147 -0.8314696123025369 0
    outer loop
      vertex 46.76948628518954 54.54797599165052 2.4
      vertex 46.9 54.46076951545867 10.9
      vertex 46.76948628518954 54.54797599165052 10.9
    endloop
  endfacet
  facet normal -0.19509032201614018 -0.9807852804032281 0
    outer loop
      vertex 47.18941714587697 54.34088900845312 2.4
      vertex 47.34336856933594 54.310266166351425 10.9
      vertex 47.18941714587697 54.34088900845312 10.9
    endloop
  endfacet
  facet normal -0.06540312923014742 -0.9978589232386033 0
    outer loop
      vertex 47.34336856933594 54.310266166351425 2.4
      vertex 47.5 54.3 10.9
      vertex 47.34336856933594 54.310266166351425 10.9
    endloop
  endfacet
  facet normal 0.06540312923014742 -0.9978589232386033 0
    outer loop
      vertex 47.5 54.3 2.4
      vertex 47.65663143066406 54.310266166351425 10.9
      vertex 47.5 54.3 10.9
    endloop
  endfacet
  facet normal 0.19509032201614018 -0.9807852804032281 0
    outer loop
      vertex 47.65663143066406 54.310266166351425 2.4
      vertex 47.81058285412303 54.34088900845312 10.9
      vertex 47.65663143066406 54.310266166351425 10.9
    endloop
  endfacet
  facet normal 0.3214394653031474 -0.9469301294951106 0
    outer loop
      vertex 47.81058285412303 54.34088900845312 2.4
      vertex 47.95922011883811 54.391344560986454 10.9
      vertex 47.81058285412303 54.34088900845312 10.9
    endloop
  endfacet
  facet normal -0.8968727415326844 -0.44228869021900913 0
    outer loop
      vertex 46.46076951545867 54.9 2.4
      vertex 46.46076951545867 54.9 10.9
      vertex 46.391344560986454 55.04077988116189 10.9
    endloop
  endfacet
  facet normal -0.9469301294951106 -0.3214394653031474 0
    outer loop
      vertex 46.391344560986454 55.04077988116189 2.4
      vertex 46.391344560986454 55.04077988116189 10.9
      vertex 46.34088900845312 55.18941714587697 10.9
    endloop
  endfacet
  facet normal -0.8968727415326844 0.44228869021900913 0
    outer loop
      vertex 46.391344560986454 55.95922011883811 2.4
      vertex 46.391344560986454 55.95922011883811 10.9
      vertex 46.46076951545867 56.1 10.9
    endloop
  endfacet
  facet normal -0.8314696123025369 0.5555702330196147 0
    outer loop
      vertex 46.46076951545867 56.1 2.4
      vertex 46.46076951545867 56.1 10.9
      vertex 46.54797599165052 56.23051371481046 10.9
    endloop
  endfacet
  facet normal -0.7518398074789697 0.6593458151000776 0
    outer loop
      vertex 46.54797599165052 56.23051371481046 2.4
      vertex 46.54797599165052 56.23051371481046 10.9
      vertex 46.651471862576145 56.348528137423855 10.9
    endloop
  endfacet
  facet normal -0.6593458151000776 0.7518398074789697 0
    outer loop
      vertex 46.76948628518954 56.45202400834948 2.4
      vertex 46.651471862576145 56.348528137423855 10.9
      vertex 46.76948628518954 56.45202400834948 10.9
    endloop
  endfacet
  facet normal -0.5555702330196147 0.8314696123025369 0
    outer loop
      vertex 46.9 56.53923048454133 2.4
      vertex 46.76948628518954 56.45202400834948 10.9
      vertex 46.9 56.53923048454133 10.9
    endloop
  endfacet
  facet normal -0.44228869021900913 0.8968727415326844 0
    outer loop
      vertex 47.04077988116189 56.608655439013546 2.4
      vertex 46.9 56.53923048454133 10.9
      vertex 47.04077988116189 56.608655439013546 10.9
    endloop
  endfacet
  facet normal -0.3214394653031474 0.9469301294951106 0
    outer loop
      vertex 47.18941714587697 56.65911099154688 2.4
      vertex 47.04077988116189 56.608655439013546 10.9
      vertex 47.18941714587697 56.65911099154688 10.9
    endloop
  endfacet
  facet normal -0.19509032201614018 0.9807852804032281 0
    outer loop
      vertex 47.34336856933594 56.689733833648575 2.4
      vertex 47.18941714587697 56.65911099154688 10.9
      vertex 47.34336856933594 56.689733833648575 10.9
    endloop
  endfacet
  facet normal -0.06540312923014742 0.9978589232386033 0
    outer loop
      vertex 47.5 56.7 2.4
      vertex 47.34336856933594 56.689733833648575 10.9
      vertex 47.5 56.7 10.9
    endloop
  endfacet
  facet normal 0.06540312923014742 0.9978589232386033 0
    outer loop
      vertex 47.65663143066406 56.689733833648575 2.4
      vertex 47.5 56.7 10.9
      vertex 47.65663143066406 56.689733833648575 10.9
    endloop
  endfacet
  facet normal 0.19509032201614018 0.9807852804032281 0
    outer loop
      vertex 47.81058285412303 56.65911099154688 2.4
      vertex 47.65663143066406 56.689733833648575 10.9
      vertex 47.81058285412303 56.65911099154688 10.9
    endloop
  endfacet
  facet normal 0.3214394653031474 0.9469301294951106 0
    outer loop
      vertex 47.95922011883811 56.608655439013546 2.4
      vertex 47.81058285412303 56.65911099154688 10.9
      vertex 47.95922011883811 56.608655439013546 10.9
    endloop
  endfacet
  facet normal 0.44228869021900913 -0.8968727415326844 0
    outer loop
      vertex 47.95922011883811 54.391344560986454 2.4
      vertex 48.1 54.46076951545867 10.9
      vertex 47.95922011883811 54.391344560986454 10.9
    endloop
  endfacet
  facet normal 0.5555702330196147 -0.8314696123025369 0
    outer loop
      vertex 48.1 54.46076951545867 2.4
      vertex 48.23051371481046 54.54797599165052 10.9
      vertex 48.1 54.46076951545867 10.9
    endloop
  endfacet
  facet normal 0.6593458151000776 -0.7518398074789697 0
    outer loop
      vertex 48.23051371481046 54.54797599165052 2.4
      vertex 48.348528137423855 54.651471862576145 10.9
      vertex 48.23051371481046 54.54797599165052 10.9
    endloop
  endfacet
  facet normal 0.7518398074789697 -0.6593458151000776 0
    outer loop
      vertex 48.45202400834948 54.76948628518954 2.4
      vertex 48.45202400834948 54.76948628518954 10.9
      vertex 48.348528137423855 54.651471862576145 10.9
    endloop
  endfacet
  facet normal 0.8314696123025369 -0.5555702330196147 0
    outer loop
      vertex 48.53923048454133 54.9 2.4
      vertex 48.53923048454133 54.9 10.9
      vertex 48.45202400834948 54.76948628518954 10.9
    endloop
  endfacet
  facet normal 0.8968727415326844 -0.44228869021900913 0
    outer loop
      vertex 48.608655439013546 55.04077988116189 2.4
      vertex 48.608655439013546 55.04077988116189 10.9
      vertex 48.53923048454133 54.9 10.9
    endloop
  endfacet
  facet normal 0.9469301294951106 -0.3214394653031474 0
    outer loop
      vertex 48.65911099154688 55.18941714587697 2.4
      vertex 48.65911099154688 55.18941714587697 10.9
      vertex 48.608655439013546 55.04077988116189 10.9
    endloop
  endfacet
  facet normal 0.9807852804032281 -0.19509032201614018 0
    outer loop
      vertex 48.689733833648575 55.34336856933594 2.4
      vertex 48.689733833648575 55.34336856933594 10.9
      vertex 48.65911099154688 55.18941714587697 10.9
    endloop
  endfacet
  facet normal 0.9978589232386033 -0.06540312923014742 0
    outer loop
      vertex 48.7 55.5 2.4
      vertex 48.7 55.5 10.9
      vertex 48.689733833648575 55.34336856933594 10.9
    endloop
  endfacet
  facet normal 0.9978589232386033 0.06540312923014742 0
    outer loop
      vertex 48.689733833648575 55.65663143066406 2.4
      vertex 48.689733833648575 55.65663143066406 10.9
      vertex 48.7 55.5 10.9
    endloop
  endfacet
  facet normal 0.9807852804032281 0.19509032201614018 0
    outer loop
      vertex 48.65911099154688 55.81058285412303 2.4
      vertex 48.65911099154688 55.81058285412303 10.9
      vertex 48.689733833648575 55.65663143066406 10.9
    endloop
  endfacet
  facet normal 0.44228869021900913 0.8968727415326844 0
    outer loop
      vertex 48.1 56.53923048454133 2.4
      vertex 47.95922011883811 56.608655439013546 10.9
      vertex 48.1 56.53923048454133 10.9
    endloop
  endfacet
  facet normal 0.6593458151000776 0.7518398074789697 0
    outer loop
      vertex 48.348528137423855 56.348528137423855 2.4
      vertex 48.23051371481046 56.45202400834948 10.9
      vertex 48.348528137423855 56.348528137423855 10.9
    endloop
  endfacet
  facet normal 0.5555702330196147 0.8314696123025369 0
    outer loop
      vertex 48.23051371481046 56.45202400834948 2.4
      vertex 48.1 56.53923048454133 10.9
      vertex 48.23051371481046 56.45202400834948 10.9
    endloop
  endfacet
  facet normal 0.8314696123025369 0.5555702330196147 0
    outer loop
      vertex 48.45202400834948 56.23051371481046 2.4
      vertex 48.45202400834948 56.23051371481046 10.9
      vertex 48.53923048454133 56.1 10.9
    endloop
  endfacet
  facet normal 0.9469301294951106 0.3214394653031474 0
    outer loop
      vertex 48.608655439013546 55.95922011883811 2.4
      vertex 48.608655439013546 55.95922011883811 10.9
      vertex 48.65911099154688 55.81058285412303 10.9
    endloop
  endfacet
  facet normal 0.8968727415326844 0.44228869021900913 0
    outer loop
      vertex 48.53923048454133 56.1 2.4
      vertex 48.53923048454133 56.1 10.9
      vertex 48.608655439013546 55.95922011883811 10.9
    endloop
  endfacet
  facet normal 0.7518398074789697 0.6593458151000776 0
    outer loop
      vertex 48.348528137423855 56.348528137423855 2.4
      vertex 48.348528137423855 56.348528137423855 10.9
      vertex 48.45202400834948 56.23051371481046 10.9
    endloop
  endfacet
  facet normal 0 0 1
    outer loop
      vertex 46.34088900845312 55.18941714587697 10.9
      vertex 46.391344560986454 55.04077988116189 10.9
      vertex 46.34088900845312 55.81058285412303 10.9
    endloop
  endfacet
  facet normal 0 0 1
    outer loop
      vertex 46.34088900845312 55.18941714587697 10.9
      vertex 46.310266166351425 55.65663143066406 10.9
      vertex 46.310266166351425 55.34336856933594 10.9
    endloop
  endfacet
  facet normal 0 0 1
    outer loop
      vertex 46.310266166351425 55.34336856933594 10.9
      vertex 46.310266166351425 55.65663143066406 10.9
      vertex 46.3 55.5 10.9
    endloop
  endfacet
  facet normal 0 0 1
    outer loop
      vertex 46.34088900845312 55.18941714587697 10.9
      vertex 46.34088900845312 55.81058285412303 10.9
      vertex 46.310266166351425 55.65663143066406 10.9
    endloop
  endfacet
  facet normal 0 0 1
    outer loop
      vertex 46.46076951545867 54.9 10.9
      vertex 46.391344560986454 55.95922011883811 10.9
      vertex 46.391344560986454 55.04077988116189 10.9
    endloop
  endfacet
  facet normal 0 0 1
    outer loop
      vertex 46.54797599165052 54.76948628518954 10.9
      vertex 46.46076951545867 56.1 10.9
      vertex 46.46076951545867 54.9 10.9
    endloop
  endfacet
  facet normal 0 0 1
    outer loop
      vertex 46.54797599165052 54.76948628518954 10.9
      vertex 46.651471862576145 54.651471862576145 10.9
      vertex 46.54797599165052 56.23051371481046 10.9
    endloop
  endfacet
  facet normal 0 0 1
    outer loop
      vertex 46.651471862576145 54.651471862576145 10.9
      vertex 46.76948628518954 54.54797599165052 10.9
      vertex 46.651471862576145 56.348528137423855 10.9
    endloop
  endfacet
  facet normal 0 0 1
    outer loop
      vertex 46.34088900845312 55.81058285412303 10.9
      vertex 46.391344560986454 55.04077988116189 10.9
      vertex 46.391344560986454 55.95922011883811 10.9
    endloop
  endfacet
  facet normal 0 0 1
    outer loop
      vertex 46.46076951545867 54.9 10.9
      vertex 46.46076951545867 56.1 10.9
      vertex 46.391344560986454 55.95922011883811 10.9
    endloop
  endfacet
  facet normal 0 0 1
    outer loop
      vertex 46.54797599165052 54.76948628518954 10.9
      vertex 46.54797599165052 56.23051371481046 10.9
      vertex 46.46076951545867 56.1 10.9
    endloop
  endfacet
  facet normal 0 0 1
    outer loop
      vertex 46.651471862576145 54.651471862576145 10.9
      vertex 46.651471862576145 56.348528137423855 10.9
      vertex 46.54797599165052 56.23051371481046 10.9
    endloop
  endfacet
  facet normal 0 0 1
    outer loop
      vertex 46.76948628518954 54.54797599165052 10.9
      vertex 46.76948628518954 56.45202400834948 10.9
      vertex 46.651471862576145 56.348528137423855 10.9
    endloop
  endfacet
  facet normal 0 0 1
    outer loop
      vertex 46.76948628518954 54.54797599165052 10.9
      vertex 46.9 54.46076951545867 10.9
      vertex 46.76948628518954 56.45202400834948 10.9
    endloop
  endfacet
  facet normal 0 0 1
    outer loop
      vertex 47.04077988116189 54.391344560986454 10.9
      vertex 46.9 56.53923048454133 10.9
      vertex 46.9 54.46076951545867 10.9
    endloop
  endfacet
  facet normal 0 0 1
    outer loop
      vertex 47.04077988116189 54.391344560986454 10.9
      vertex 47.18941714587697 54.34088900845312 10.9
      vertex 47.04077988116189 56.608655439013546 10.9
    endloop
  endfacet
  facet normal 0 0 1
    outer loop
      vertex 46.9 54.46076951545867 10.9
      vertex 46.9 56.53923048454133 10.9
      vertex 46.76948628518954 56.45202400834948 10.9
    endloop
  endfacet
  facet normal 0 0 1
    outer loop
      vertex 47.04077988116189 54.391344560986454 10.9
      vertex 47.04077988116189 56.608655439013546 10.9
      vertex 46.9 56.53923048454133 10.9
    endloop
  endfacet
  facet normal 0 0 1
    outer loop
      vertex 47.18941714587697 54.34088900845312 10.9
      vertex 47.18941714587697 56.65911099154688 10.9
      vertex 47.04077988116189 56.608655439013546 10.9
    endloop
  endfacet
  facet normal 0 0 1
    outer loop
      vertex 47.18941714587697 54.34088900845312 10.9
      vertex 47.34336856933594 54.310266166351425 10.9
      vertex 47.18941714587697 56.65911099154688 10.9
    endloop
  endfacet
  facet normal 0 0 1
    outer loop
      vertex 47.34336856933594 54.310266166351425 10.9
      vertex 47.5 54.3 10.9
      vertex 47.34336856933594 56.689733833648575 10.9
    endloop
  endfacet
  facet normal 0 0 1
    outer loop
      vertex 47.5 54.3 10.9
      vertex 47.65663143066406 54.310266166351425 10.9
      vertex 47.5 56.7 10.9
    endloop
  endfacet
  facet normal 0 0 1
    outer loop
      vertex 47.65663143066406 54.310266166351425 10.9
      vertex 47.81058285412303 54.34088900845312 10.9
      vertex 47.65663143066406 56.689733833648575 10.9
    endloop
  endfacet
  facet normal 0 0 1
    outer loop
      vertex 47.81058285412303 54.34088900845312 10.9
      vertex 47.95922011883811 54.391344560986454 10.9
      vertex 47.81058285412303 56.65911099154688 10.9
    endloop
  endfacet
  facet normal 0 0 1
    outer loop
      vertex 47.34336856933594 54.310266166351425 10.9
      vertex 47.34336856933594 56.689733833648575 10.9
      vertex 47.18941714587697 56.65911099154688 10.9
    endloop
  endfacet
  facet normal 0 0 1
    outer loop
      vertex 47.5 54.3 10.9
      vertex 47.5 56.7 10.9
      vertex 47.34336856933594 56.689733833648575 10.9
    endloop
  endfacet
  facet normal 0 0 1
    outer loop
      vertex 47.65663143066406 54.310266166351425 10.9
      vertex 47.65663143066406 56.689733833648575 10.9
      vertex 47.5 56.7 10.9
    endloop
  endfacet
  facet normal 0 0 1
    outer loop
      vertex 47.81058285412303 54.34088900845312 10.9
      vertex 47.81058285412303 56.65911099154688 10.9
      vertex 47.65663143066406 56.689733833648575 10.9
    endloop
  endfacet
  facet normal 0 0 1
    outer loop
      vertex 47.81058285412303 56.65911099154688 10.9
      vertex 47.95922011883811 54.391344560986454 10.9
      vertex 47.95922011883811 56.608655439013546 10.9
    endloop
  endfacet
  facet normal 0 0 1
    outer loop
      vertex 47.95922011883811 54.391344560986454 10.9
      vertex 48.1 54.46076951545867 10.9
      vertex 47.95922011883811 56.608655439013546 10.9
    endloop
  endfacet
  facet normal 0 0 1
    outer loop
      vertex 48.1 54.46076951545867 10.9
      vertex 48.23051371481046 54.54797599165052 10.9
      vertex 48.1 56.53923048454133 10.9
    endloop
  endfacet
  facet normal 0 0 1
    outer loop
      vertex 48.23051371481046 54.54797599165052 10.9
      vertex 48.348528137423855 54.651471862576145 10.9
      vertex 48.23051371481046 56.45202400834948 10.9
    endloop
  endfacet
  facet normal 0 0 1
    outer loop
      vertex 48.348528137423855 54.651471862576145 10.9
      vertex 48.45202400834948 54.76948628518954 10.9
      vertex 48.348528137423855 56.348528137423855 10.9
    endloop
  endfacet
  facet normal 0 0 1
    outer loop
      vertex 48.45202400834948 54.76948628518954 10.9
      vertex 48.53923048454133 54.9 10.9
      vertex 48.45202400834948 56.23051371481046 10.9
    endloop
  endfacet
  facet normal 0 0 1
    outer loop
      vertex 48.53923048454133 54.9 10.9
      vertex 48.608655439013546 55.04077988116189 10.9
      vertex 48.53923048454133 56.1 10.9
    endloop
  endfacet
  facet normal 0 0 1
    outer loop
      vertex 48.45202400834948 54.76948628518954 10.9
      vertex 48.45202400834948 56.23051371481046 10.9
      vertex 48.348528137423855 56.348528137423855 10.9
    endloop
  endfacet
  facet normal 0 0 1
    outer loop
      vertex 48.608655439013546 55.04077988116189 10.9
      vertex 48.65911099154688 55.18941714587697 10.9
      vertex 48.608655439013546 55.95922011883811 10.9
    endloop
  endfacet
  facet normal 0 0 1
    outer loop
      vertex 48.65911099154688 55.18941714587697 10.9
      vertex 48.689733833648575 55.34336856933594 10.9
      vertex 48.65911099154688 55.81058285412303 10.9
    endloop
  endfacet
  facet normal 0 0 1
    outer loop
      vertex 48.689733833648575 55.34336856933594 10.9
      vertex 48.7 55.5 10.9
      vertex 48.689733833648575 55.65663143066406 10.9
    endloop
  endfacet
  facet normal 0 0 1
    outer loop
      vertex 48.53923048454133 54.9 10.9
      vertex 48.53923048454133 56.1 10.9
      vertex 48.45202400834948 56.23051371481046 10.9
    endloop
  endfacet
  facet normal 0 0 1
    outer loop
      vertex 48.608655439013546 55.04077988116189 10.9
      vertex 48.608655439013546 55.95922011883811 10.9
      vertex 48.53923048454133 56.1 10.9
    endloop
  endfacet
  facet normal 0 0 1
    outer loop
      vertex 48.65911099154688 55.18941714587697 10.9
      vertex 48.65911099154688 55.81058285412303 10.9
      vertex 48.608655439013546 55.95922011883811 10.9
    endloop
  endfacet
  facet normal 0 0 1
    outer loop
      vertex 48.689733833648575 55.34336856933594 10.9
      vertex 48.689733833648575 55.65663143066406 10.9
      vertex 48.65911099154688 55.81058285412303 10.9
    endloop
  endfacet
  facet normal 0 0 1
    outer loop
      vertex 48.1 54.46076951545867 10.9
      vertex 48.1 56.53923048454133 10.9
      vertex 47.95922011883811 56.608655439013546 10.9
    endloop
  endfacet
  facet normal 0 0 1
    outer loop
      vertex 48.23051371481046 54.54797599165052 10.9
      vertex 48.23051371481046 56.45202400834948 10.9
      vertex 48.1 56.53923048454133 10.9
    endloop
  endfacet
  facet normal 0 0 1
    outer loop
      vertex 48.348528137423855 54.651471862576145 10.9
      vertex 48.348528137423855 56.348528137423855 10.9
      vertex 48.23051371481046 56.45202400834948 10.9
    endloop
  endfacet
  facet normal 0 0 -1
    outer loop
      vertex 2.6999999999999997 2.6999999999999997 0
      vertex 12.981215023055848 7.859068195735732 0
      vertex 13.06909177705141 7.600191626356963 0
    endloop
  endfacet
  facet normal 0 0 -1
    outer loop
      vertex 2.6999999999999997 2.6999999999999997 0
      vertex 13.06909177705141 7.600191626356963 0
      vertex 13.190006906090522 7.355 0
    endloop
  endfacet
  facet normal 0 0 -1
    outer loop
      vertex 2.6999999999999997 2.6999999999999997 0
      vertex 12.927880239728736 8.127200258260093 0
      vertex 12.981215023055848 7.859068195735732 0
    endloop
  endfacet
  facet normal 0 0 -1
    outer loop
      vertex 2.6999999999999997 2.6999999999999997 0
      vertex 13.727688613371773 6.741891518791319 0
      vertex 13.955 6.590006906090523 0
    endloop
  endfacet
  facet normal 0 0 -1
    outer loop
      vertex 2.6999999999999997 2.6999999999999997 0
      vertex 13.955 6.590006906090523 0
      vertex 14.200191626356961 6.469091777051411 0
    endloop
  endfacet
  facet normal 0 0 -1
    outer loop
      vertex 2.6999999999999997 2.6999999999999997 0
      vertex 14.200191626356961 6.469091777051411 0
      vertex 14.459068195735732 6.381215023055847 0
    endloop
  endfacet
  facet normal 0 0 -1
    outer loop
      vertex 2.6999999999999997 2.6999999999999997 0
      vertex 13.341891518791318 7.127688613371774 0
      vertex 13.522146827320116 6.922146827320115 0
    endloop
  endfacet
  facet normal 0 0 -1
    outer loop
      vertex 2.6999999999999997 2.6999999999999997 0
      vertex 13.190006906090522 7.355 0
      vertex 13.341891518791318 7.127688613371774 0
    endloop
  endfacet
  facet normal 0 0 -1
    outer loop
      vertex 2.6999999999999997 2.6999999999999997 0
      vertex 13.522146827320116 6.922146827320115 0
      vertex 13.727688613371773 6.741891518791319 0
    endloop
  endfacet
  facet normal 0 0 -1
    outer loop
      vertex 2.6999999999999997 2.6999999999999997 0
      vertex 14.459068195735732 6.381215023055847 0
      vertex 14.727200258260092 6.327880239728737 0
    endloop
  endfacet
  facet normal 0 0 -1
    outer loop
      vertex 2.6999999999999997 2.6999999999999997 0
      vertex 12.91 8.4 0
      vertex 12.927880239728736 8.127200258260093 0
    endloop
  endfacet
  facet normal 0 0 -1
    outer loop
      vertex 2.6999999999999997 2.6999999999999997 0
      vertex 12.927880239728736 8.672799741739908 0
      vertex 12.91 8.4 0
    endloop
  endfacet
  facet normal 0 0 -1
    outer loop
      vertex 2.6999999999999997 2.6999999999999997 0
      vertex 12.981215023055848 8.940931804264268 0
      vertex 12.927880239728736 8.672799741739908 0
    endloop
  endfacet
  facet normal 0 0 -1
    outer loop
      vertex 2.6999999999999997 2.6999999999999997 0
      vertex 13.06909177705141 9.19980837364304 0
      vertex 12.981215023055848 8.940931804264268 0
    endloop
  endfacet
  facet normal 0 0 -1
    outer loop
      vertex 2.6999999999999997 2.6999999999999997 0
      vertex 13.190006906090522 9.445 0
      vertex 13.06909177705141 9.19980837364304 0
    endloop
  endfacet
  facet normal 0 0 -1
    outer loop
      vertex 2.6999999999999997 2.6999999999999997 0
      vertex 13.341891518791318 9.672311386628227 0
      vertex 13.190006906090522 9.445 0
    endloop
  endfacet
  facet normal 0 0 1
    outer loop
      vertex 2.6999999999999997 2.6999999999999997 2.4
      vertex 14.4 7.360769515458674 2.4
      vertex 14.269486285189535 7.447975991650518 2.4
    endloop
  endfacet
  facet normal 0 0 1
    outer loop
      vertex 2.6999999999999997 2.6999999999999997 2.4
      vertex 14.047975991650517 7.669486285189535 2.4
      vertex 13.960769515458674 7.800000000000001 2.4
    endloop
  endfacet
  facet normal 0 0 1
    outer loop
      vertex 2.6999999999999997 2.6999999999999997 2.4
      vertex 14.151471862576143 7.551471862576143 2.4
      vertex 14.047975991650517 7.669486285189535 2.4
    endloop
  endfacet
  facet normal 0 0 1
    outer loop
      vertex 2.6999999999999997 2.6999999999999997 2.4
      vertex 13.960769515458674 7.800000000000001 2.4
      vertex 13.891344560986456 7.940779881161893 2.4
    endloop
  endfacet
  facet normal 0 0 1
    outer loop
      vertex 2.6999999999999997 2.6999999999999997 2.4
      vertex 13.891344560986456 7.940779881161893 2.4
      vertex 13.840889008453118 8.089417145876975 2.4
    endloop
  endfacet
  facet normal 0 0 1
    outer loop
      vertex 2.6999999999999997 2.6999999999999997 2.4
      vertex 14.269486285189535 7.447975991650518 2.4
      vertex 14.151471862576143 7.551471862576143 2.4
    endloop
  endfacet
  facet normal 0 0 1
    outer loop
      vertex 2.6999999999999997 2.6999999999999997 2.4
      vertex 14.540779881161892 7.291344560986456 2.4
      vertex 14.4 7.360769515458674 2.4
    endloop
  endfacet
  facet normal 0 0 1
    outer loop
      vertex 2.6999999999999997 2.6999999999999997 2.4
      vertex 14.689417145876975 7.240889008453118 2.4
      vertex 14.540779881161892 7.291344560986456 2.4
    endloop
  endfacet
  facet normal 0 0 1
    outer loop
      vertex 2.6999999999999997 2.6999999999999997 2.4
      vertex 14.843368569335938 7.210266166351428 2.4
      vertex 14.689417145876975 7.240889008453118 2.4
    endloop
  endfacet
  facet normal 0 0 1
    outer loop
      vertex 2.6999999999999997 2.6999999999999997 2.4
      vertex 15 7.2 2.4
      vertex 14.843368569335938 7.210266166351428 2.4
    endloop
  endfacet
  facet normal 0 0 1
    outer loop
      vertex 2.6999999999999997 2.6999999999999997 2.4
      vertex 15.156631430664062 7.210266166351428 2.4
      vertex 15 7.2 2.4
    endloop
  endfacet
  facet normal 0 0 1
    outer loop
      vertex 2.6999999999999997 2.6999999999999997 2.4
      vertex 15.310582854123025 7.240889008453118 2.4
      vertex 15.156631430664062 7.210266166351428 2.4
    endloop
  endfacet
  facet normal 0 0 1
    outer loop
      vertex 2.6999999999999997 2.6999999999999997 2.4
      vertex 15.459220118838108 7.291344560986456 2.4
      vertex 15.310582854123025 7.240889008453118 2.4
    endloop
  endfacet
  facet normal 0 0 1
    outer loop
      vertex 2.6999999999999997 2.6999999999999997 2.4
      vertex 13.810266166351427 8.243368569335939 2.4
      vertex 13.8 8.4 2.4
    endloop
  endfacet
  facet normal 0 0 1
    outer loop
      vertex 2.6999999999999997 2.6999999999999997 2.4
      vertex 13.8 8.4 2.4
      vertex 13.810266166351427 8.556631430664062 2.4
    endloop
  endfacet
  facet normal 0 0 1
    outer loop
      vertex 2.6999999999999997 2.6999999999999997 2.4
      vertex 13.840889008453118 8.089417145876975 2.4
      vertex 13.810266166351427 8.243368569335939 2.4
    endloop
  endfacet
  facet normal 0 0 1
    outer loop
      vertex 2.6999999999999997 2.6999999999999997 2.4
      vertex 13.810266166351427 8.556631430664062 2.4
      vertex 13.840889008453118 8.710582854123025 2.4
    endloop
  endfacet
  facet normal 0 0 1
    outer loop
      vertex 2.6999999999999997 2.6999999999999997 2.4
      vertex 13.840889008453118 8.710582854123025 2.4
      vertex 13.891344560986456 8.859220118838108 2.4
    endloop
  endfacet
  facet normal 0 0 1
    outer loop
      vertex 2.6999999999999997 2.6999999999999997 2.4
      vertex 13.891344560986456 8.859220118838108 2.4
      vertex 13.960769515458674 9 2.4
    endloop
  endfacet
  facet normal 0 0 1
    outer loop
      vertex 2.6999999999999997 2.6999999999999997 2.4
      vertex 13.960769515458674 9 2.4
      vertex 14.047975991650517 9.130513714810466 2.4
    endloop
  endfacet
  facet normal 0 0 1
    outer loop
      vertex 2.6999999999999997 2.6999999999999997 2.4
      vertex 14.047975991650517 9.130513714810466 2.4
      vertex 14.151471862576143 9.248528137423857 2.4
    endloop
  endfacet
  facet normal 0 0 1
    outer loop
      vertex 2.6999999999999997 2.6999999999999997 2.4
      vertex 14.151471862576143 9.248528137423857 2.4
      vertex 14.269486285189535 9.352024008349483 2.4
    endloop
  endfacet
  facet normal 0 0 1
    outer loop
      vertex 2.6999999999999997 2.6999999999999997 2.4
      vertex 14.269486285189535 9.352024008349483 2.4
      vertex 14.4 9.439230484541326 2.4
    endloop
  endfacet
  facet normal 0 0 1
    outer loop
      vertex 2.6999999999999997 2.6999999999999997 2.4
      vertex 22.840889008453118 8.810582854123025 2.4
      vertex 15.459220118838108 7.291344560986456 2.4
    endloop
  endfacet
  facet normal 0 0 1
    outer loop
      vertex 2.6999999999999997 2.6999999999999997 2.4
      vertex 14.4 9.439230484541326 2.4
      vertex 19.15 16.2 2.4
    endloop
  endfacet
  facet normal 0 0 -1
    outer loop
      vertex 2.6999999999999997 2.6999999999999997 0
      vertex 29.15 30.25 0
      vertex 13.341891518791318 9.672311386628227 0
    endloop
  endfacet
  facet normal -1 0 0
    outer loop
      vertex 2.6999999999999997 2.6999999999999997 0
      vertex 2.6999999999999997 2.6999999999999997 2.4
      vertex 2.6999999999999997 57.7 2.4
    endloop
  endfacet
  facet normal 0 0 1
    outer loop
      vertex 2.6999999999999997 2.6999999999999997 2.4
      vertex 19.15 16.2 2.4
      vertex 2.6999999999999997 57.7 2.4
    endloop
  endfacet
  facet normal 0 0 -1
    outer loop
      vertex 16.477853172679886 6.922146827320115 0
      vertex 16.658108481208682 7.127688613371774 0
      vertex 29.15 10.25 0
    endloop
  endfacet
  facet normal 0 0 -1
    outer loop
      vertex 16.658108481208682 7.127688613371774 0
      vertex 16.809993093909476 7.355 0
      vertex 29.15 10.25 0
    endloop
  endfacet
  facet normal 0 0 -1
    outer loop
      vertex 16.809993093909476 7.355 0
      vertex 16.930908222948588 7.600191626356963 0
      vertex 29.15 10.25 0
    endloop
  endfacet
  facet normal 0 0 -1
    outer loop
      vertex 16.930908222948588 7.600191626356963 0
      vertex 17.018784976944154 7.859068195735732 0
      vertex 29.15 10.25 0
    endloop
  endfacet
  facet normal 0 0 -1
    outer loop
      vertex 17.018784976944154 7.859068195735732 0
      vertex 17.072119760271264 8.127200258260093 0
      vertex 29.15 10.25 0
    endloop
  endfacet
  facet normal 0 0 -1
    outer loop
      vertex 17.072119760271264 8.127200258260093 0
      vertex 17.09 8.4 0
      vertex 29.15 10.25 0
    endloop
  endfacet
  facet normal 0 0 -1
    outer loop
      vertex 16.809993093909476 9.445 0
      vertex 29.15 10.25 0
      vertex 16.930908222948588 9.19980837364304 0
    endloop
  endfacet
  facet normal 0 0 -1
    outer loop
      vertex 16.658108481208682 9.672311386628227 0
      vertex 29.15 10.25 0
      vertex 16.809993093909476 9.445 0
    endloop
  endfacet
  facet normal 0 0 -1
    outer loop
      vertex 17.09 8.4 0
      vertex 17.072119760271264 8.672799741739908 0
      vertex 29.15 10.25 0
    endloop
  endfacet
  facet normal 0 0 -1
    outer loop
      vertex 17.072119760271264 8.672799741739908 0
      vertex 17.018784976944154 8.940931804264268 0
      vertex 29.15 10.25 0
    endloop
  endfacet
  facet normal 0 0 -1
    outer loop
      vertex 16.930908222948588 9.19980837364304 0
      vertex 29.15 10.25 0
      vertex 17.018784976944154 8.940931804264268 0
    endloop
  endfacet
  facet normal 0 0 1
    outer loop
      vertex 2.6999999999999997 2.6999999999999997 2.4
      vertex 23.151471862576145 7.651471862576143 2.4
      vertex 23.047975991650517 7.769486285189535 2.4
    endloop
  endfacet
  facet normal 0 0 1
    outer loop
      vertex 2.6999999999999997 2.6999999999999997 2.4
      vertex 23.047975991650517 7.769486285189535 2.4
      vertex 22.960769515458672 7.9 2.4
    endloop
  endfacet
  facet normal 0 0 1
    outer loop
      vertex 2.6999999999999997 2.6999999999999997 2.4
      vertex 22.960769515458672 7.9 2.4
      vertex 22.891344560986457 8.040779881161892 2.4
    endloop
  endfacet
  facet normal 0 0 1
    outer loop
      vertex 2.6999999999999997 2.6999999999999997 2.4
      vertex 23.269486285189537 7.547975991650517 2.4
      vertex 23.151471862576145 7.651471862576143 2.4
    endloop
  endfacet
  facet normal 0 0 1
    outer loop
      vertex 2.6999999999999997 2.6999999999999997 2.4
      vertex 23.4 7.460769515458674 2.4
      vertex 23.269486285189537 7.547975991650517 2.4
    endloop
  endfacet
  facet normal 0 0 1
    outer loop
      vertex 2.6999999999999997 2.6999999999999997 2.4
      vertex 23.540779881161892 7.391344560986456 2.4
      vertex 23.4 7.460769515458674 2.4
    endloop
  endfacet
  facet normal 0 0 1
    outer loop
      vertex 2.6999999999999997 2.6999999999999997 2.4
      vertex 26.65 3.7 2.4
      vertex 23.540779881161892 7.391344560986456 2.4
    endloop
  endfacet
  facet normal 0 0 1
    outer loop
      vertex 2.6999999999999997 2.6999999999999997 2.4
      vertex 22.891344560986457 8.040779881161892 2.4
      vertex 22.840889008453118 8.189417145876975 2.4
    endloop
  endfacet
  facet normal 0 0 1
    outer loop
      vertex 2.6999999999999997 2.6999999999999997 2.4
      vertex 22.840889008453118 8.189417145876975 2.4
      vertex 22.81026616635143 8.343368569335938 2.4
    endloop
  endfacet
  facet normal 0 0 1
    outer loop
      vertex 2.6999999999999997 2.6999999999999997 2.4
      vertex 22.81026616635143 8.343368569335938 2.4
      vertex 22.8 8.5 2.4
    endloop
  endfacet
  facet normal 0 0 1
    outer loop
      vertex 2.6999999999999997 2.6999999999999997 2.4
      vertex 22.8 8.5 2.4
      vertex 22.81026616635143 8.656631430664062 2.4
    endloop
  endfacet
  facet normal 0 0 1
    outer loop
      vertex 2.6999999999999997 2.6999999999999997 2.4
      vertex 22.81026616635143 8.656631430664062 2.4
      vertex 22.840889008453118 8.810582854123025 2.4
    endloop
  endfacet
  facet normal 0 0 1
    outer loop
      vertex 22.840889008453118 8.810582854123025 2.4
      vertex 15.6 7.360769515458674 2.4
      vertex 15.459220118838108 7.291344560986456 2.4
    endloop
  endfacet
  facet normal 0 0 1
    outer loop
      vertex 22.840889008453118 8.810582854123025 2.4
      vertex 15.730513714810465 7.447975991650518 2.4
      vertex 15.6 7.360769515458674 2.4
    endloop
  endfacet
  facet normal 0 0 1
    outer loop
      vertex 22.840889008453118 8.810582854123025 2.4
      vertex 15.848528137423857 7.551471862576143 2.4
      vertex 15.730513714810465 7.447975991650518 2.4
    endloop
  endfacet
  facet normal 0 0 1
    outer loop
      vertex 22.840889008453118 8.810582854123025 2.4
      vertex 15.952024008349483 7.669486285189535 2.4
      vertex 15.848528137423857 7.551471862576143 2.4
    endloop
  endfacet
  facet normal 0 0 1
    outer loop
      vertex 22.840889008453118 8.810582854123025 2.4
      vertex 16.039230484541328 7.800000000000001 2.4
      vertex 15.952024008349483 7.669486285189535 2.4
    endloop
  endfacet
  facet normal 0 -1 0
    outer loop
      vertex 2.6999999999999997 2.6999999999999997 0
      vertex 51.46862915010153 2.6999999999999997 2.4
      vertex 2.6999999999999997 2.6999999999999997 2.4
    endloop
  endfacet
  facet normal 0 0 1
    outer loop
      vertex 22.840889008453118 8.810582854123025 2.4
      vertex 16.108655439013543 7.940779881161893 2.4
      vertex 16.039230484541328 7.800000000000001 2.4
    endloop
  endfacet
  facet normal 0 0 1
    outer loop
      vertex 22.840889008453118 8.810582854123025 2.4
      vertex 16.159110991546882 8.089417145876975 2.4
      vertex 16.108655439013543 7.940779881161893 2.4
    endloop
  endfacet
  facet normal 0 0 1
    outer loop
      vertex 22.840889008453118 8.810582854123025 2.4
      vertex 16.18973383364857 8.243368569335939 2.4
      vertex 16.159110991546882 8.089417145876975 2.4
    endloop
  endfacet
  facet normal 0 0 1
    outer loop
      vertex 22.840889008453118 8.810582854123025 2.4
      vertex 16.2 8.4 2.4
      vertex 16.18973383364857 8.243368569335939 2.4
    endloop
  endfacet
  facet normal 0 0 1
    outer loop
      vertex 22.840889008453118 8.810582854123025 2.4
      vertex 16.18973383364857 8.556631430664062 2.4
      vertex 16.2 8.4 2.4
    endloop
  endfacet
  facet normal 0 0 1
    outer loop
      vertex 22.840889008453118 8.810582854123025 2.4
      vertex 16.159110991546882 8.710582854123025 2.4
      vertex 16.18973383364857 8.556631430664062 2.4
    endloop
  endfacet
  facet normal 0 0 -1
    outer loop
      vertex 15 10.49 0
      vertex 29.15 10.25 0
      vertex 15.272799741739908 10.472119760271264 0
    endloop
  endfacet
  facet normal 0 0 -1
    outer loop
      vertex 14.459068195735732 10.418784976944153 0
      vertex 14.200191626356961 10.33090822294859 0
      vertex 29.15 17.25 0
    endloop
  endfacet
  facet normal 0 0 -1
    outer loop
      vertex 14.727200258260092 10.472119760271264 0
      vertex 14.459068195735732 10.418784976944153 0
      vertex 29.15 17.25 0
    endloop
  endfacet
  facet normal 0 0 -1
    outer loop
      vertex 14.727200258260092 10.472119760271264 0
      vertex 29.15 17.25 0
      vertex 15 10.49 0
    endloop
  endfacet
  facet normal 0 0 -1
    outer loop
      vertex 15.540931804264268 10.418784976944153 0
      vertex 29.15 10.25 0
      vertex 15.799808373643039 10.33090822294859 0
    endloop
  endfacet
  facet normal 0 0 -1
    outer loop
      vertex 15.272799741739908 10.472119760271264 0
      vertex 29.15 10.25 0
      vertex 15.540931804264268 10.418784976944153 0
    endloop
  endfacet
  facet normal 0 0 -1
    outer loop
      vertex 15.799808373643039 10.33090822294859 0
      vertex 29.15 10.25 0
      vertex 16.045 10.209993093909477 0
    endloop
  endfacet
  facet normal 0 0 -1
    outer loop
      vertex 16.045 10.209993093909477 0
      vertex 29.15 10.25 0
      vertex 16.272311386628225 10.058108481208683 0
    endloop
  endfacet
  facet normal 0 0 -1
    outer loop
      vertex 16.272311386628225 10.058108481208683 0
      vertex 29.15 10.25 0
      vertex 16.477853172679886 9.877853172679885 0
    endloop
  endfacet
  facet normal 0 0 -1
    outer loop
      vertex 16.477853172679886 9.877853172679885 0
      vertex 29.15 10.25 0
      vertex 16.658108481208682 9.672311386628227 0
    endloop
  endfacet
  facet normal 0 0 -1
    outer loop
      vertex 13.955 10.209993093909477 0
      vertex 13.727688613371773 10.058108481208683 0
      vertex 29.15 22.25 0
    endloop
  endfacet
  facet normal 0 0 -1
    outer loop
      vertex 14.200191626356961 10.33090822294859 0
      vertex 13.955 10.209993093909477 0
      vertex 29.15 20.25 0
    endloop
  endfacet
  facet normal 0 0 -1
    outer loop
      vertex 29.15 30.25 0
      vertex 13.522146827320116 9.877853172679885 0
      vertex 13.341891518791318 9.672311386628227 0
    endloop
  endfacet
  facet normal 0 0 -1
    outer loop
      vertex 29.15 30.25 0
      vertex 13.727688613371773 10.058108481208683 0
      vertex 13.522146827320116 9.877853172679885 0
    endloop
  endfacet
  facet normal 0 0 1
    outer loop
      vertex 19.15 16.2 2.4
      vertex 14.4 9.439230484541326 2.4
      vertex 14.540779881161892 9.508655439013545 2.4
    endloop
  endfacet
  facet normal 0 0 1
    outer loop
      vertex 19.15 16.2 2.4
      vertex 14.540779881161892 9.508655439013545 2.4
      vertex 14.689417145876975 9.559110991546882 2.4
    endloop
  endfacet
  facet normal 0 0 1
    outer loop
      vertex 19.15 16.2 2.4
      vertex 14.689417145876975 9.559110991546882 2.4
      vertex 14.843368569335938 9.589733833648573 2.4
    endloop
  endfacet
  facet normal 0 0 1
    outer loop
      vertex 19.15 16.2 2.4
      vertex 14.843368569335938 9.589733833648573 2.4
      vertex 15 9.6 2.4
    endloop
  endfacet
  facet normal 0 0 1
    outer loop
      vertex 19.15 16.2 2.4
      vertex 15 9.6 2.4
      vertex 15.156631430664062 9.589733833648573 2.4
    endloop
  endfacet
  facet normal 0 0 1
    outer loop
      vertex 19.15 16.2 2.4
      vertex 15.156631430664062 9.589733833648573 2.4
      vertex 15.310582854123025 9.559110991546882 2.4
    endloop
  endfacet
  facet normal 0 0 1
    outer loop
      vertex 19.15 16.2 2.4
      vertex 15.310582854123025 9.559110991546882 2.4
      vertex 15.459220118838108 9.508655439013545 2.4
    endloop
  endfacet
  facet normal 0 0 1
    outer loop
      vertex 19.15 16.2 2.4
      vertex 15.6 9.439230484541326 2.4
      vertex 15.730513714810465 9.352024008349483 2.4
    endloop
  endfacet
  facet normal 0 0 1
    outer loop
      vertex 19.15 16.2 2.4
      vertex 15.730513714810465 9.352024008349483 2.4
      vertex 15.848528137423857 9.248528137423857 2.4
    endloop
  endfacet
  facet normal 0 0 1
    outer loop
      vertex 19.15 16.2 2.4
      vertex 16.039230484541328 9 2.4
      vertex 16.108655439013543 8.859220118838108 2.4
    endloop
  endfacet
  facet normal 0 0 1
    outer loop
      vertex 19.15 16.2 2.4
      vertex 15.952024008349483 9.130513714810466 2.4
      vertex 16.039230484541328 9 2.4
    endloop
  endfacet
  facet normal 0 0 1
    outer loop
      vertex 19.15 16.2 2.4
      vertex 15.848528137423857 9.248528137423857 2.4
      vertex 15.952024008349483 9.130513714810466 2.4
    endloop
  endfacet
  facet normal 0 0 1
    outer loop
      vertex 19.15 16.2 2.4
      vertex 16.108655439013543 8.859220118838108 2.4
      vertex 16.159110991546882 8.710582854123025 2.4
    endloop
  endfacet
  facet normal 0 0 1
    outer loop
      vertex 19.15 16.2 2.4
      vertex 15.459220118838108 9.508655439013545 2.4
      vertex 15.6 9.439230484541326 2.4
    endloop
  endfacet
  facet normal 0 0 1
    outer loop
      vertex 19.15 16.2 2.4
      vertex 16.159110991546882 8.710582854123025 2.4
      vertex 22.840889008453118 8.810582854123025 2.4
    endloop
  endfacet
  facet normal 0 0 1
    outer loop
      vertex 19.15 16.2 2.4
      vertex 23.269486285189537 9.452024008349483 2.4
      vertex 20.9 16.2 2.4
    endloop
  endfacet
  facet normal 0 0 -1
    outer loop
      vertex 2.6999999999999997 2.6999999999999997 0
      vertex 14.727200258260092 6.327880239728737 0
      vertex 52.6 2.6999999999999997 0
    endloop
  endfacet
  facet normal 0 0 -1
    outer loop
      vertex 52.6 2.6999999999999997 0
      vertex 14.727200258260092 6.327880239728737 0
      vertex 15 6.3100000000000005 0
    endloop
  endfacet
  facet normal 0 0 -1
    outer loop
      vertex 52.6 2.6999999999999997 0
      vertex 15 6.3100000000000005 0
      vertex 15.272799741739908 6.327880239728737 0
    endloop
  endfacet
  facet normal 0 0 1
    outer loop
      vertex 23.540779881161892 7.391344560986456 2.4
      vertex 26.65 3.7 2.4
      vertex 23.689417145876973 7.340889008453118 2.4
    endloop
  endfacet
  facet normal 0 0 1
    outer loop
      vertex 23.689417145876973 7.340889008453118 2.4
      vertex 26.65 3.7 2.4
      vertex 23.843368569335937 7.310266166351427 2.4
    endloop
  endfacet
  facet normal 0 0 1
    outer loop
      vertex 23.843368569335937 7.310266166351427 2.4
      vertex 26.65 3.7 2.4
      vertex 24 7.3 2.4
    endloop
  endfacet
  facet normal 0 0 1
    outer loop
      vertex 24 7.3 2.4
      vertex 26.65 3.7 2.4
      vertex 24.156631430664063 7.310266166351427 2.4
    endloop
  endfacet
  facet normal 0 0 1
    outer loop
      vertex 24.156631430664063 7.310266166351427 2.4
      vertex 26.65 3.7 2.4
      vertex 26.65 5.4 2.4
    endloop
  endfacet
  facet normal 0 0 1
    outer loop
      vertex 2.6999999999999997 2.6999999999999997 2.4
      vertex 51.46862915010153 2.6999999999999997 2.4
      vertex 26.65 3.7 2.4
    endloop
  endfacet
  facet normal 0 0 1
    outer loop
      vertex 24.156631430664063 7.310266166351427 2.4
      vertex 26.65 5.4 2.4
      vertex 24.310582854123027 7.340889008453118 2.4
    endloop
  endfacet
  facet normal 0 0 1
    outer loop
      vertex 24.310582854123027 7.340889008453118 2.4
      vertex 26.65 5.4 2.4
      vertex 24.459220118838108 7.391344560986456 2.4
    endloop
  endfacet
  facet normal 0 0 1
    outer loop
      vertex 24.459220118838108 7.391344560986456 2.4
      vertex 26.65 5.4 2.4
      vertex 24.6 7.460769515458674 2.4
    endloop
  endfacet
  facet normal 0 0 1
    outer loop
      vertex 26.65 5.4 2.4
      vertex 24.730513714810463 7.547975991650517 2.4
      vertex 24.6 7.460769515458674 2.4
    endloop
  endfacet
  facet normal 0 0 1
    outer loop
      vertex 26.65 5.4 2.4
      vertex 24.848528137423855 7.651471862576143 2.4
      vertex 24.730513714810463 7.547975991650517 2.4
    endloop
  endfacet
  facet normal 0 0 1
    outer loop
      vertex 26.65 5.4 2.4
      vertex 24.952024008349483 7.769486285189535 2.4
      vertex 24.848528137423855 7.651471862576143 2.4
    endloop
  endfacet
  facet normal 0 0 -1
    outer loop
      vertex 15 10.49 0
      vertex 29.15 12.25 0
      vertex 29.15 10.25 0
    endloop
  endfacet
  facet normal 0 0 -1
    outer loop
      vertex 15 10.49 0
      vertex 29.15 15.25 0
      vertex 29.15 12.25 0
    endloop
  endfacet
  facet normal 0 0 -1
    outer loop
      vertex 15 10.49 0
      vertex 29.15 17.25 0
      vertex 29.15 15.25 0
    endloop
  endfacet
  facet normal 0 0 -1
    outer loop
      vertex 14.200191626356961 10.33090822294859 0
      vertex 29.15 20.25 0
      vertex 29.15 17.25 0
    endloop
  endfacet
  facet normal 0 0 1
    outer loop
      vertex 19.15 16.2 2.4
      vertex 22.840889008453118 8.810582854123025 2.4
      vertex 22.891344560986457 8.959220118838108 2.4
    endloop
  endfacet
  facet normal 0 0 1
    outer loop
      vertex 19.15 16.2 2.4
      vertex 22.891344560986457 8.959220118838108 2.4
      vertex 22.960769515458672 9.1 2.4
    endloop
  endfacet
  facet normal 0 0 1
    outer loop
      vertex 19.15 16.2 2.4
      vertex 22.960769515458672 9.1 2.4
      vertex 23.047975991650517 9.230513714810465 2.4
    endloop
  endfacet
  facet normal 0 0 1
    outer loop
      vertex 19.15 16.2 2.4
      vertex 23.047975991650517 9.230513714810465 2.4
      vertex 23.151471862576145 9.348528137423857 2.4
    endloop
  endfacet
  facet normal 0 0 1
    outer loop
      vertex 19.15 16.2 2.4
      vertex 23.151471862576145 9.348528137423857 2.4
      vertex 23.269486285189537 9.452024008349483 2.4
    endloop
  endfacet
  facet normal 0 0 1
    outer loop
      vertex 20.9 16.2 2.4
      vertex 23.269486285189537 9.452024008349483 2.4
      vertex 23.4 9.539230484541326 2.4
    endloop
  endfacet
  facet normal 0 0 1
    outer loop
      vertex 20.9 16.2 2.4
      vertex 23.4 9.539230484541326 2.4
      vertex 23.540779881161892 9.608655439013544 2.4
    endloop
  endfacet
  facet normal 0 0 1
    outer loop
      vertex 20.9 16.2 2.4
      vertex 23.540779881161892 9.608655439013544 2.4
      vertex 23.689417145876973 9.659110991546882 2.4
    endloop
  endfacet
  facet normal 0 0 1
    outer loop
      vertex 20.9 16.2 2.4
      vertex 23.689417145876973 9.659110991546882 2.4
      vertex 23.843368569335937 9.689733833648573 2.4
    endloop
  endfacet
  facet normal 0 0 1
    outer loop
      vertex 20.9 16.2 2.4
      vertex 23.843368569335937 9.689733833648573 2.4
      vertex 24 9.7 2.4
    endloop
  endfacet
  facet normal 0 0 1
    outer loop
      vertex 20.9 16.2 2.4
      vertex 24.730513714810463 9.452024008349483 2.4
      vertex 24.848528137423855 9.348528137423857 2.4
    endloop
  endfacet
  facet normal 0 0 1
    outer loop
      vertex 20.9 16.2 2.4
      vertex 24.952024008349483 9.230513714810465 2.4
      vertex 25.039230484541328 9.1 2.4
    endloop
  endfacet
  facet normal 0 0 1
    outer loop
      vertex 20.9 16.2 2.4
      vertex 24.848528137423855 9.348528137423857 2.4
      vertex 24.952024008349483 9.230513714810465 2.4
    endloop
  endfacet
  facet normal 0 0 1
    outer loop
      vertex 20.9 16.2 2.4
      vertex 24 9.7 2.4
      vertex 24.156631430664063 9.689733833648573 2.4
    endloop
  endfacet
  facet normal 0 0 1
    outer loop
      vertex 20.9 16.2 2.4
      vertex 24.156631430664063 9.689733833648573 2.4
      vertex 24.310582854123027 9.659110991546882 2.4
    endloop
  endfacet
  facet normal 0 0 1
    outer loop
      vertex 20.9 16.2 2.4
      vertex 24.310582854123027 9.659110991546882 2.4
      vertex 24.459220118838108 9.608655439013544 2.4
    endloop
  endfacet
  facet normal 0 0 1
    outer loop
      vertex 20.9 16.2 2.4
      vertex 24.459220118838108 9.608655439013544 2.4
      vertex 24.6 9.539230484541326 2.4
    endloop
  endfacet
  facet normal 0 0 1
    outer loop
      vertex 20.9 16.2 2.4
      vertex 24.6 9.539230484541326 2.4
      vertex 24.730513714810463 9.452024008349483 2.4
    endloop
  endfacet
  facet normal 0 0 1
    outer loop
      vertex 20.9 16.2 2.4
      vertex 25.039230484541328 9.1 2.4
      vertex 29.15 12.25 2.4
    endloop
  endfacet
  facet normal 0 0 1
    outer loop
      vertex 20.9 16.2 2.4
      vertex 29.15 15.25 2.4
      vertex 29.15 17.25 2.4
    endloop
  endfacet
  facet normal 0 0 -1
    outer loop
      vertex 2.6999999999999997 2.6999999999999997 0
      vertex 13.955 50.190006906090524 0
      vertex 29.15 30.25 0
    endloop
  endfacet
  facet normal 0 0 -1
    outer loop
      vertex 13.955 10.209993093909477 0
      vertex 29.15 22.25 0
      vertex 29.15 20.25 0
    endloop
  endfacet
  facet normal 0 0 -1
    outer loop
      vertex 29.15 25.25 0
      vertex 29.15 22.25 0
      vertex 13.727688613371773 10.058108481208683 0
    endloop
  endfacet
  facet normal 0 0 -1
    outer loop
      vertex 29.15 25.25 0
      vertex 13.727688613371773 10.058108481208683 0
      vertex 29.15 27.25 0
    endloop
  endfacet
  facet normal 0 0 -1
    outer loop
      vertex 13.727688613371773 10.058108481208683 0
      vertex 29.15 30.25 0
      vertex 29.15 27.25 0
    endloop
  endfacet
  facet normal 0 0 1
    outer loop
      vertex 20.9 16.2 2.4
      vertex 29.15 17.25 2.4
      vertex 29.15 20.25 2.4
    endloop
  endfacet
  facet normal 0 0 1
    outer loop
      vertex 20.9 16.2 2.4
      vertex 29.15 20.25 2.4
      vertex 29.15 22.25 2.4
    endloop
  endfacet
  facet normal 0 0 1
    outer loop
      vertex 20.9 16.2 2.4
      vertex 29.15 22.25 2.4
      vertex 29.15 25.25 2.4
    endloop
  endfacet
  facet normal 0 0 1
    outer loop
      vertex 20.9 16.2 2.4
      vertex 29.15 25.25 2.4
      vertex 29.15 27.25 2.4
    endloop
  endfacet
  facet normal 0 0 1
    outer loop
      vertex 20.9 16.2 2.4
      vertex 29.15 27.25 2.4
      vertex 20.9 46.2 2.4
    endloop
  endfacet
  facet normal 0 0 -1
    outer loop
      vertex 2.6999999999999997 2.6999999999999997 0
      vertex 2.6999999999999997 57.7 0
      vertex 12.91 52 0
    endloop
  endfacet
  facet normal -1 0 0
    outer loop
      vertex 2.6999999999999997 2.6999999999999997 0
      vertex 2.6999999999999997 57.7 2.4
      vertex 2.6999999999999997 57.7 0
    endloop
  endfacet
  facet normal 0 0 -1
    outer loop
      vertex 2.6999999999999997 2.6999999999999997 0
      vertex 13.06909177705141 51.20019162635697 0
      vertex 13.190006906090522 50.955000000000005 0
    endloop
  endfacet
  facet normal 0 0 -1
    outer loop
      vertex 2.6999999999999997 2.6999999999999997 0
      vertex 13.341891518791318 50.727688613371775 0
      vertex 13.522146827320116 50.522146827320114 0
    endloop
  endfacet
  facet normal 0 0 -1
    outer loop
      vertex 2.6999999999999997 2.6999999999999997 0
      vertex 13.522146827320116 50.522146827320114 0
      vertex 13.727688613371773 50.34189151879132 0
    endloop
  endfacet
  facet normal 0 0 -1
    outer loop
      vertex 2.6999999999999997 2.6999999999999997 0
      vertex 13.190006906090522 50.955000000000005 0
      vertex 13.341891518791318 50.727688613371775 0
    endloop
  endfacet
  facet normal 0 0 -1
    outer loop
      vertex 2.6999999999999997 2.6999999999999997 0
      vertex 13.727688613371773 50.34189151879132 0
      vertex 13.955 50.190006906090524 0
    endloop
  endfacet
  facet normal 0 0 -1
    outer loop
      vertex 2.6999999999999997 2.6999999999999997 0
      vertex 12.91 52 0
      vertex 12.927880239728736 51.72720025826009 0
    endloop
  endfacet
  facet normal 0 0 -1
    outer loop
      vertex 2.6999999999999997 2.6999999999999997 0
      vertex 12.981215023055848 51.45906819573573 0
      vertex 13.06909177705141 51.20019162635697 0
    endloop
  endfacet
  facet normal 0 0 -1
    outer loop
      vertex 2.6999999999999997 2.6999999999999997 0
      vertex 12.927880239728736 51.72720025826009 0
      vertex 12.981215023055848 51.45906819573573 0
    endloop
  endfacet
  facet normal 0 0 1
    outer loop
      vertex 19.15 16.2 2.4
      vertex 19.15 46.2 2.4
      vertex 2.6999999999999997 57.7 2.4
    endloop
  endfacet
  facet normal 0 0 1
    outer loop
      vertex 2.6999999999999997 57.7 2.4
      vertex 20.9 46.2 2.4
      vertex 14.269486285189535 51.04797599165052 2.4
    endloop
  endfacet
  facet normal 0 0 1
    outer loop
      vertex 2.6999999999999997 57.7 2.4
      vertex 19.15 46.2 2.4
      vertex 20.9 46.2 2.4
    endloop
  endfacet
  facet normal 0 0 -1
    outer loop
      vertex 2.6999999999999997 57.7 0
      vertex 12.927880239728736 52.27279974173991 0
      vertex 12.91 52 0
    endloop
  endfacet
  facet normal 0 0 -1
    outer loop
      vertex 2.6999999999999997 57.7 0
      vertex 12.981215023055848 52.54093180426427 0
      vertex 12.927880239728736 52.27279974173991 0
    endloop
  endfacet
  facet normal 0 0 -1
    outer loop
      vertex 2.6999999999999997 57.7 0
      vertex 13.06909177705141 52.79980837364303 0
      vertex 12.981215023055848 52.54093180426427 0
    endloop
  endfacet
  facet normal 0 0 -1
    outer loop
      vertex 2.6999999999999997 57.7 0
      vertex 13.190006906090522 53.044999999999995 0
      vertex 13.06909177705141 52.79980837364303 0
    endloop
  endfacet
  facet normal 0 0 -1
    outer loop
      vertex 2.6999999999999997 57.7 0
      vertex 13.341891518791318 53.272311386628225 0
      vertex 13.190006906090522 53.044999999999995 0
    endloop
  endfacet
  facet normal 0 0 -1
    outer loop
      vertex 2.6999999999999997 57.7 0
      vertex 13.522146827320116 53.477853172679886 0
      vertex 13.341891518791318 53.272311386628225 0
    endloop
  endfacet
  facet normal 0 0 -1
    outer loop
      vertex 2.6999999999999997 57.7 0
      vertex 13.727688613371773 53.65810848120868 0
      vertex 13.522146827320116 53.477853172679886 0
    endloop
  endfacet
  facet normal 0 0 -1
    outer loop
      vertex 2.6999999999999997 57.7 0
      vertex 13.955 53.809993093909476 0
      vertex 13.727688613371773 53.65810848120868 0
    endloop
  endfacet
  facet normal 0 0 -1
    outer loop
      vertex 2.6999999999999997 57.7 0
      vertex 14.200191626356961 53.930908222948595 0
      vertex 13.955 53.809993093909476 0
    endloop
  endfacet
  facet normal 0 0 -1
    outer loop
      vertex 2.6999999999999997 57.7 0
      vertex 14.459068195735732 54.018784976944154 0
      vertex 14.200191626356961 53.930908222948595 0
    endloop
  endfacet
  facet normal 0 0 -1
    outer loop
      vertex 2.6999999999999997 57.7 0
      vertex 14.727200258260092 54.07211976027127 0
      vertex 14.459068195735732 54.018784976944154 0
    endloop
  endfacet
  facet normal 0 0 1
    outer loop
      vertex 2.6999999999999997 57.7 2.4
      vertex 13.810266166351427 51.84336856933594 2.4
      vertex 13.8 52 2.4
    endloop
  endfacet
  facet normal 0 0 1
    outer loop
      vertex 2.6999999999999997 57.7 2.4
      vertex 13.8 52 2.4
      vertex 13.810266166351427 52.15663143066406 2.4
    endloop
  endfacet
  facet normal 0 0 1
    outer loop
      vertex 2.6999999999999997 57.7 2.4
      vertex 13.960769515458674 51.4 2.4
      vertex 13.891344560986456 51.54077988116189 2.4
    endloop
  endfacet
  facet normal 0 0 1
    outer loop
      vertex 2.6999999999999997 57.7 2.4
      vertex 14.151471862576143 51.151471862576145 2.4
      vertex 14.047975991650517 51.26948628518954 2.4
    endloop
  endfacet
  facet normal 0 0 1
    outer loop
      vertex 2.6999999999999997 57.7 2.4
      vertex 14.047975991650517 51.26948628518954 2.4
      vertex 13.960769515458674 51.4 2.4
    endloop
  endfacet
  facet normal 0 0 1
    outer loop
      vertex 2.6999999999999997 57.7 2.4
      vertex 14.269486285189535 51.04797599165052 2.4
      vertex 14.151471862576143 51.151471862576145 2.4
    endloop
  endfacet
  facet normal 0 0 1
    outer loop
      vertex 2.6999999999999997 57.7 2.4
      vertex 13.891344560986456 51.54077988116189 2.4
      vertex 13.840889008453118 51.68941714587697 2.4
    endloop
  endfacet
  facet normal 0 0 1
    outer loop
      vertex 2.6999999999999997 57.7 2.4
      vertex 13.840889008453118 51.68941714587697 2.4
      vertex 13.810266166351427 51.84336856933594 2.4
    endloop
  endfacet
  facet normal 0 0 1
    outer loop
      vertex 2.6999999999999997 57.7 2.4
      vertex 13.810266166351427 52.15663143066406 2.4
      vertex 13.840889008453118 52.31058285412303 2.4
    endloop
  endfacet
  facet normal 0 0 1
    outer loop
      vertex 2.6999999999999997 57.7 2.4
      vertex 13.840889008453118 52.31058285412303 2.4
      vertex 13.891344560986456 52.45922011883811 2.4
    endloop
  endfacet
  facet normal 0 0 1
    outer loop
      vertex 2.6999999999999997 57.7 2.4
      vertex 13.891344560986456 52.45922011883811 2.4
      vertex 13.960769515458674 52.6 2.4
    endloop
  endfacet
  facet normal 0 0 1
    outer loop
      vertex 2.6999999999999997 57.7 2.4
      vertex 13.960769515458674 52.6 2.4
      vertex 14.047975991650517 52.73051371481046 2.4
    endloop
  endfacet
  facet normal 0 0 1
    outer loop
      vertex 2.6999999999999997 57.7 2.4
      vertex 14.047975991650517 52.73051371481046 2.4
      vertex 14.151471862576143 52.848528137423855 2.4
    endloop
  endfacet
  facet normal 0 0 1
    outer loop
      vertex 2.6999999999999997 57.7 2.4
      vertex 14.151471862576143 52.848528137423855 2.4
      vertex 14.269486285189535 52.95202400834948 2.4
    endloop
  endfacet
  facet normal 0 0 1
    outer loop
      vertex 2.6999999999999997 57.7 2.4
      vertex 14.269486285189535 52.95202400834948 2.4
      vertex 14.4 53.03923048454133 2.4
    endloop
  endfacet
  facet normal 0 0 1
    outer loop
      vertex 2.6999999999999997 57.7 2.4
      vertex 14.4 53.03923048454133 2.4
      vertex 14.540779881161892 53.108655439013546 2.4
    endloop
  endfacet
  facet normal 0 0 1
    outer loop
      vertex 2.6999999999999997 57.7 2.4
      vertex 14.540779881161892 53.108655439013546 2.4
      vertex 14.689417145876975 53.15911099154688 2.4
    endloop
  endfacet
  facet normal 0 0 1
    outer loop
      vertex 2.6999999999999997 57.7 2.4
      vertex 14.689417145876975 53.15911099154688 2.4
      vertex 14.843368569335938 53.189733833648575 2.4
    endloop
  endfacet
  facet normal 0 0 1
    outer loop
      vertex 2.6999999999999997 57.7 2.4
      vertex 14.843368569335938 53.189733833648575 2.4
      vertex 15 53.2 2.4
    endloop
  endfacet
  facet normal 0 0 1
    outer loop
      vertex 2.6999999999999997 57.7 2.4
      vertex 15 53.2 2.4
      vertex 15.156631430664062 53.189733833648575 2.4
    endloop
  endfacet
  facet normal 0 0 1
    outer loop
      vertex 2.6999999999999997 57.7 2.4
      vertex 15.156631430664062 53.189733833648575 2.4
      vertex 15.310582854123025 53.15911099154688 2.4
    endloop
  endfacet
  facet normal 0 0 1
    outer loop
      vertex 2.6999999999999997 57.7 2.4
      vertex 15.310582854123025 53.15911099154688 2.4
      vertex 15.459220118838108 53.108655439013546 2.4
    endloop
  endfacet
  facet normal 0 0 1
    outer loop
      vertex 2.6999999999999997 57.7 2.4
      vertex 15.459220118838108 53.108655439013546 2.4
      vertex 23.4 54.46076951545867 2.4
    endloop
  endfacet
  facet normal 0 0 -1
    outer loop
      vertex 29.15 30.25 0
      vertex 13.955 50.190006906090524 0
      vertex 14.200191626356961 50.069091777051405 0
    endloop
  endfacet
  facet normal 0 0 -1
    outer loop
      vertex 29.15 30.25 0
      vertex 14.459068195735732 49.981215023055846 0
      vertex 14.727200258260092 49.92788023972873 0
    endloop
  endfacet
  facet normal 0 0 -1
    outer loop
      vertex 29.15 30.25 0
      vertex 14.200191626356961 50.069091777051405 0
      vertex 14.459068195735732 49.981215023055846 0
    endloop
  endfacet
  facet normal 0 0 -1
    outer loop
      vertex 29.15 30.25 0
      vertex 14.727200258260092 49.92788023972873 0
      vertex 15 49.91 0
    endloop
  endfacet
  facet normal 0 0 -1
    outer loop
      vertex 29.15 30.25 0
      vertex 15 49.91 0
      vertex 15.272799741739908 49.92788023972873 0
    endloop
  endfacet
  facet normal 0 0 -1
    outer loop
      vertex 15.272799741739908 49.92788023972873 0
      vertex 15.540931804264268 49.981215023055846 0
      vertex 29.15 32.25 0
    endloop
  endfacet
  facet normal 0 0 -1
    outer loop
      vertex 15.540931804264268 49.981215023055846 0
      vertex 15.799808373643039 50.069091777051405 0
      vertex 29.15 32.25 0
    endloop
  endfacet
  facet normal 0 0 -1
    outer loop
      vertex 15.799808373643039 50.069091777051405 0
      vertex 16.045 50.190006906090524 0
      vertex 29.15 32.25 0
    endloop
  endfacet
  facet normal 0 0 -1
    outer loop
      vertex 16.045 50.190006906090524 0
      vertex 16.272311386628225 50.34189151879132 0
      vertex 29.15 32.25 0
    endloop
  endfacet
  facet normal 0 0 -1
    outer loop
      vertex 16.272311386628225 50.34189151879132 0
      vertex 16.477853172679886 50.522146827320114 0
      vertex 29.15 32.25 0
    endloop
  endfacet
  facet normal 0 0 -1
    outer loop
      vertex 16.477853172679886 50.522146827320114 0
      vertex 16.658108481208682 50.727688613371775 0
      vertex 29.15 32.25 0
    endloop
  endfacet
  facet normal 0 0 -1
    outer loop
      vertex 16.658108481208682 50.727688613371775 0
      vertex 16.809993093909476 50.955000000000005 0
      vertex 29.15 32.25 0
    endloop
  endfacet
  facet normal 0 0 -1
    outer loop
      vertex 16.809993093909476 50.955000000000005 0
      vertex 16.930908222948588 51.20019162635697 0
      vertex 29.15 32.25 0
    endloop
  endfacet
  facet normal 0 0 -1
    outer loop
      vertex 29.15 30.25 0
      vertex 15.272799741739908 49.92788023972873 0
      vertex 29.15 32.25 0
    endloop
  endfacet
  facet normal 0 0 1
    outer loop
      vertex 20.9 46.2 2.4
      vertex 29.15 27.25 2.4
      vertex 29.15 30.25 2.4
    endloop
  endfacet
  facet normal 0 0 1
    outer loop
      vertex 20.9 46.2 2.4
      vertex 29.15 30.25 2.4
      vertex 29.15 32.25 2.4
    endloop
  endfacet
  facet normal 0 0 1
    outer loop
      vertex 20.9 46.2 2.4
      vertex 14.4 50.96076951545867 2.4
      vertex 14.269486285189535 51.04797599165052 2.4
    endloop
  endfacet
  facet normal 0 0 1
    outer loop
      vertex 20.9 46.2 2.4
      vertex 14.540779881161892 50.891344560986454 2.4
      vertex 14.4 50.96076951545867 2.4
    endloop
  endfacet
  facet normal 0 0 1
    outer loop
      vertex 20.9 46.2 2.4
      vertex 14.689417145876975 50.84088900845312 2.4
      vertex 14.540779881161892 50.891344560986454 2.4
    endloop
  endfacet
  facet normal 0 0 1
    outer loop
      vertex 20.9 46.2 2.4
      vertex 15 50.8 2.4
      vertex 14.843368569335938 50.810266166351425 2.4
    endloop
  endfacet
  facet normal 0 0 1
    outer loop
      vertex 20.9 46.2 2.4
      vertex 14.843368569335938 50.810266166351425 2.4
      vertex 14.689417145876975 50.84088900845312 2.4
    endloop
  endfacet
  facet normal 0 0 1
    outer loop
      vertex 20.9 46.2 2.4
      vertex 15.156631430664062 50.810266166351425 2.4
      vertex 15 50.8 2.4
    endloop
  endfacet
  facet normal 0 0 1
    outer loop
      vertex 20.9 46.2 2.4
      vertex 15.310582854123025 50.84088900845312 2.4
      vertex 15.156631430664062 50.810266166351425 2.4
    endloop
  endfacet
  facet normal 0 0 1
    outer loop
      vertex 20.9 46.2 2.4
      vertex 15.459220118838108 50.891344560986454 2.4
      vertex 15.310582854123025 50.84088900845312 2.4
    endloop
  endfacet
  facet normal 0 0 1
    outer loop
      vertex 20.9 46.2 2.4
      vertex 15.6 50.96076951545867 2.4
      vertex 15.459220118838108 50.891344560986454 2.4
    endloop
  endfacet
  facet normal 0 0 1
    outer loop
      vertex 20.9 46.2 2.4
      vertex 15.730513714810465 51.04797599165052 2.4
      vertex 15.6 50.96076951545867 2.4
    endloop
  endfacet
  facet normal 0 0 1
    outer loop
      vertex 20.9 46.2 2.4
      vertex 15.848528137423857 51.151471862576145 2.4
      vertex 15.730513714810465 51.04797599165052 2.4
    endloop
  endfacet
  facet normal 0 0 1
    outer loop
      vertex 20.9 46.2 2.4
      vertex 15.952024008349483 51.26948628518954 2.4
      vertex 15.848528137423857 51.151471862576145 2.4
    endloop
  endfacet
  facet normal 0 0 1
    outer loop
      vertex 20.9 46.2 2.4
      vertex 16.039230484541328 51.4 2.4
      vertex 15.952024008349483 51.26948628518954 2.4
    endloop
  endfacet
  facet normal 0 0 1
    outer loop
      vertex 20.9 46.2 2.4
      vertex 16.108655439013543 51.54077988116189 2.4
      vertex 16.039230484541328 51.4 2.4
    endloop
  endfacet
  facet normal 0 0 1
    outer loop
      vertex 20.9 46.2 2.4
      vertex 16.159110991546882 51.68941714587697 2.4
      vertex 16.108655439013543 51.54077988116189 2.4
    endloop
  endfacet
  facet normal 0 0 1
    outer loop
      vertex 20.9 46.2 2.4
      vertex 16.18973383364857 51.84336856933594 2.4
      vertex 16.159110991546882 51.68941714587697 2.4
    endloop
  endfacet
  facet normal 0 0 1
    outer loop
      vertex 20.9 46.2 2.4
      vertex 16.2 52 2.4
      vertex 16.18973383364857 51.84336856933594 2.4
    endloop
  endfacet
  facet normal 0 0 1
    outer loop
      vertex 23.4 54.46076951545867 2.4
      vertex 16.18973383364857 52.15663143066406 2.4
      vertex 16.2 52 2.4
    endloop
  endfacet
  facet normal 0 0 1
    outer loop
      vertex 23.4 54.46076951545867 2.4
      vertex 16.159110991546882 52.31058285412303 2.4
      vertex 16.18973383364857 52.15663143066406 2.4
    endloop
  endfacet
  facet normal 0 0 1
    outer loop
      vertex 23.4 54.46076951545867 2.4
      vertex 16.108655439013543 52.45922011883811 2.4
      vertex 16.159110991546882 52.31058285412303 2.4
    endloop
  endfacet
  facet normal 0 0 1
    outer loop
      vertex 20.9 46.2 2.4
      vertex 23.4 54.46076951545867 2.4
      vertex 16.2 52 2.4
    endloop
  endfacet
  facet normal 0 1 0
    outer loop
      vertex 2.6999999999999997 57.7 0
      vertex 2.6999999999999997 57.7 2.4
      vertex 52.6 57.7 0
    endloop
  endfacet
  facet normal 0 0 1
    outer loop
      vertex 2.6999999999999997 57.7 2.4
      vertex 23.047975991650517 54.76948628518954 2.4
      vertex 22.960769515458672 54.9 2.4
    endloop
  endfacet
  facet normal 0 0 1
    outer loop
      vertex 2.6999999999999997 57.7 2.4
      vertex 23.151471862576145 54.651471862576145 2.4
      vertex 23.047975991650517 54.76948628518954 2.4
    endloop
  endfacet
  facet normal 0 0 1
    outer loop
      vertex 2.6999999999999997 57.7 2.4
      vertex 23.4 54.46076951545867 2.4
      vertex 23.269486285189537 54.54797599165052 2.4
    endloop
  endfacet
  facet normal 0 0 1
    outer loop
      vertex 2.6999999999999997 57.7 2.4
      vertex 23.269486285189537 54.54797599165052 2.4
      vertex 23.151471862576145 54.651471862576145 2.4
    endloop
  endfacet
  facet normal 0 0 1
    outer loop
      vertex 2.6999999999999997 57.7 2.4
      vertex 22.891344560986457 55.04077988116189 2.4
      vertex 22.840889008453118 55.18941714587697 2.4
    endloop
  endfacet
  facet normal 0 0 1
    outer loop
      vertex 2.6999999999999997 57.7 2.4
      vertex 22.840889008453118 55.18941714587697 2.4
      vertex 22.81026616635143 55.34336856933594 2.4
    endloop
  endfacet
  facet normal 0 0 1
    outer loop
      vertex 2.6999999999999997 57.7 2.4
      vertex 22.81026616635143 55.34336856933594 2.4
      vertex 22.8 55.5 2.4
    endloop
  endfacet
  facet normal 0 0 1
    outer loop
      vertex 2.6999999999999997 57.7 2.4
      vertex 22.960769515458672 54.9 2.4
      vertex 22.891344560986457 55.04077988116189 2.4
    endloop
  endfacet
  facet normal 0 0 1
    outer loop
      vertex 2.6999999999999997 57.7 2.4
      vertex 22.8 55.5 2.4
      vertex 22.81026616635143 55.65663143066406 2.4
    endloop
  endfacet
  facet normal 0 0 1
    outer loop
      vertex 2.6999999999999997 57.7 2.4
      vertex 22.81026616635143 55.65663143066406 2.4
      vertex 22.840889008453118 55.81058285412303 2.4
    endloop
  endfacet
  facet normal 0 0 1
    outer loop
      vertex 2.6999999999999997 57.7 2.4
      vertex 22.840889008453118 55.81058285412303 2.4
      vertex 22.891344560986457 55.95922011883811 2.4
    endloop
  endfacet
  facet normal 0 0 1
    outer loop
      vertex 2.6999999999999997 57.7 2.4
      vertex 22.891344560986457 55.95922011883811 2.4
      vertex 22.960769515458672 56.1 2.4
    endloop
  endfacet
  facet normal 0 0 1
    outer loop
      vertex 2.6999999999999997 57.7 2.4
      vertex 22.960769515458672 56.1 2.4
      vertex 23.047975991650517 56.23051371481046 2.4
    endloop
  endfacet
  facet normal 0 0 1
    outer loop
      vertex 23.4 54.46076951545867 2.4
      vertex 15.459220118838108 53.108655439013546 2.4
      vertex 15.6 53.03923048454133 2.4
    endloop
  endfacet
  facet normal 0 0 1
    outer loop
      vertex 23.4 54.46076951545867 2.4
      vertex 15.6 53.03923048454133 2.4
      vertex 15.730513714810465 52.95202400834948 2.4
    endloop
  endfacet
  facet normal 0 0 1
    outer loop
      vertex 2.6999999999999997 57.7 2.4
      vertex 23.047975991650517 56.23051371481046 2.4
      vertex 23.151471862576145 56.348528137423855 2.4
    endloop
  endfacet
  facet normal 0 0 1
    outer loop
      vertex 2.6999999999999997 57.7 2.4
      vertex 23.151471862576145 56.348528137423855 2.4
      vertex 23.269486285189537 56.45202400834948 2.4
    endloop
  endfacet
  facet normal 0 0 1
    outer loop
      vertex 2.6999999999999997 57.7 2.4
      vertex 23.269486285189537 56.45202400834948 2.4
      vertex 23.4 56.53923048454133 2.4
    endloop
  endfacet
  facet normal 0 0 1
    outer loop
      vertex 2.6999999999999997 57.7 2.4
      vertex 23.4 56.53923048454133 2.4
      vertex 23.540779881161892 56.608655439013546 2.4
    endloop
  endfacet
  facet normal 0 0 1
    outer loop
      vertex 2.6999999999999997 57.7 2.4
      vertex 23.540779881161892 56.608655439013546 2.4
      vertex 23.689417145876973 56.65911099154688 2.4
    endloop
  endfacet
  facet normal 0 0 1
    outer loop
      vertex 2.6999999999999997 57.7 2.4
      vertex 23.689417145876973 56.65911099154688 2.4
      vertex 23.843368569335937 56.689733833648575 2.4
    endloop
  endfacet
  facet normal 0 0 1
    outer loop
      vertex 23.4 54.46076951545867 2.4
      vertex 15.952024008349483 52.73051371481046 2.4
      vertex 16.039230484541328 52.6 2.4
    endloop
  endfacet
  facet normal 0 0 1
    outer loop
      vertex 23.4 54.46076951545867 2.4
      vertex 15.730513714810465 52.95202400834948 2.4
      vertex 15.848528137423857 52.848528137423855 2.4
    endloop
  endfacet
  facet normal 0 0 1
    outer loop
      vertex 23.4 54.46076951545867 2.4
      vertex 15.848528137423857 52.848528137423855 2.4
      vertex 15.952024008349483 52.73051371481046 2.4
    endloop
  endfacet
  facet normal 0 0 1
    outer loop
      vertex 23.4 54.46076951545867 2.4
      vertex 16.039230484541328 52.6 2.4
      vertex 16.108655439013543 52.45922011883811 2.4
    endloop
  endfacet
  facet normal 0 0 1
    outer loop
      vertex 2.6999999999999997 57.7 2.4
      vertex 23.843368569335937 56.689733833648575 2.4
      vertex 32.55 57.7 2.4
    endloop
  endfacet
  facet normal 0 0 1
    outer loop
      vertex 20.9 46.2 2.4
      vertex 23.540779881161892 54.391344560986454 2.4
      vertex 23.4 54.46076951545867 2.4
    endloop
  endfacet
  facet normal 0 0 1
    outer loop
      vertex 20.9 46.2 2.4
      vertex 23.689417145876973 54.34088900845312 2.4
      vertex 23.540779881161892 54.391344560986454 2.4
    endloop
  endfacet
  facet normal 0 0 1
    outer loop
      vertex 20.9 46.2 2.4
      vertex 23.843368569335937 54.310266166351425 2.4
      vertex 23.689417145876973 54.34088900845312 2.4
    endloop
  endfacet
  facet normal 0 0 1
    outer loop
      vertex 20.9 46.2 2.4
      vertex 24 54.3 2.4
      vertex 23.843368569335937 54.310266166351425 2.4
    endloop
  endfacet
  facet normal 0 0 1
    outer loop
      vertex 20.9 46.2 2.4
      vertex 24.156631430664063 54.310266166351425 2.4
      vertex 24 54.3 2.4
    endloop
  endfacet
  facet normal 0 0 1
    outer loop
      vertex 20.9 46.2 2.4
      vertex 24.310582854123027 54.34088900845312 2.4
      vertex 24.156631430664063 54.310266166351425 2.4
    endloop
  endfacet
  facet normal 0 0 1
    outer loop
      vertex 20.9 46.2 2.4
      vertex 24.459220118838108 54.391344560986454 2.4
      vertex 24.310582854123027 54.34088900845312 2.4
    endloop
  endfacet
  facet normal 0 0 1
    outer loop
      vertex 20.9 46.2 2.4
      vertex 24.6 54.46076951545867 2.4
      vertex 24.459220118838108 54.391344560986454 2.4
    endloop
  endfacet
  facet normal 0 0 1
    outer loop
      vertex 20.9 46.2 2.4
      vertex 24.730513714810463 54.54797599165052 2.4
      vertex 24.6 54.46076951545867 2.4
    endloop
  endfacet
  facet normal 0 0 1
    outer loop
      vertex 20.9 46.2 2.4
      vertex 24.848528137423855 54.651471862576145 2.4
      vertex 24.730513714810463 54.54797599165052 2.4
    endloop
  endfacet
  facet normal 0 0 1
    outer loop
      vertex 20.9 46.2 2.4
      vertex 24.952024008349483 54.76948628518954 2.4
      vertex 24.848528137423855 54.651471862576145 2.4
    endloop
  endfacet
  facet normal 0 0 1
    outer loop
      vertex 20.9 46.2 2.4
      vertex 25.039230484541328 54.9 2.4
      vertex 24.952024008349483 54.76948628518954 2.4
    endloop
  endfacet
  facet normal 0 0 1
    outer loop
      vertex 20.9 46.2 2.4
      vertex 25.108655439013543 55.04077988116189 2.4
      vertex 25.039230484541328 54.9 2.4
    endloop
  endfacet
  facet normal 0 0 -1
    outer loop
      vertex 2.6999999999999997 57.7 0
      vertex 52.6 57.7 0
      vertex 14.727200258260092 54.07211976027127 0
    endloop
  endfacet
  facet normal 0 0 -1
    outer loop
      vertex 52.6 57.7 0
      vertex 15 54.09 0
      vertex 14.727200258260092 54.07211976027127 0
    endloop
  endfacet
  facet normal 0 0 -1
    outer loop
      vertex 52.6 57.7 0
      vertex 15.272799741739908 54.07211976027127 0
      vertex 15 54.09 0
    endloop
  endfacet
  facet normal 0 1 0
    outer loop
      vertex 2.6999999999999997 57.7 2.4
      vertex 32.55 57.7 2.4
      vertex 32.55 57.7 1.4
    endloop
  endfacet
  facet normal 0 0 1
    outer loop
      vertex 25.2 55.5 2.4
      vertex 32.55 55.7 2.4
      vertex 25.18973383364857 55.65663143066406 2.4
    endloop
  endfacet
  facet normal 0 0 1
    outer loop
      vertex 25.18973383364857 55.65663143066406 2.4
      vertex 32.55 55.7 2.4
      vertex 25.159110991546882 55.81058285412303 2.4
    endloop
  endfacet
  facet normal 0 0 1
    outer loop
      vertex 24.952024008349483 56.23051371481046 2.4
      vertex 25.039230484541328 56.1 2.4
      vertex 32.55 57.7 2.4
    endloop
  endfacet
  facet normal 0 0 1
    outer loop
      vertex 25.108655439013543 55.95922011883811 2.4
      vertex 32.55 57.7 2.4
      vertex 25.039230484541328 56.1 2.4
    endloop
  endfacet
  facet normal 0 0 1
    outer loop
      vertex 25.108655439013543 55.95922011883811 2.4
      vertex 25.159110991546882 55.81058285412303 2.4
      vertex 32.55 57.7 2.4
    endloop
  endfacet
  facet normal 0 0 1
    outer loop
      vertex 23.843368569335937 56.689733833648575 2.4
      vertex 24 56.7 2.4
      vertex 32.55 57.7 2.4
    endloop
  endfacet
  facet normal 0 0 1
    outer loop
      vertex 24.156631430664063 56.689733833648575 2.4
      vertex 32.55 57.7 2.4
      vertex 24 56.7 2.4
    endloop
  endfacet
  facet normal 0 0 1
    outer loop
      vertex 24.156631430664063 56.689733833648575 2.4
      vertex 24.310582854123027 56.65911099154688 2.4
      vertex 32.55 57.7 2.4
    endloop
  endfacet
  facet normal 0 0 1
    outer loop
      vertex 24.310582854123027 56.65911099154688 2.4
      vertex 24.459220118838108 56.608655439013546 2.4
      vertex 32.55 57.7 2.4
    endloop
  endfacet
  facet normal 0 0 1
    outer loop
      vertex 24.459220118838108 56.608655439013546 2.4
      vertex 24.6 56.53923048454133 2.4
      vertex 32.55 57.7 2.4
    endloop
  endfacet
  facet normal 0 0 1
    outer loop
      vertex 24.6 56.53923048454133 2.4
      vertex 24.730513714810463 56.45202400834948 2.4
      vertex 32.55 57.7 2.4
    endloop
  endfacet
  facet normal 0 0 1
    outer loop
      vertex 24.848528137423855 56.348528137423855 2.4
      vertex 24.952024008349483 56.23051371481046 2.4
      vertex 32.55 57.7 2.4
    endloop
  endfacet
  facet normal 0 0 1
    outer loop
      vertex 24.730513714810463 56.45202400834948 2.4
      vertex 24.848528137423855 56.348528137423855 2.4
      vertex 32.55 57.7 2.4
    endloop
  endfacet
  facet normal 0 0 -1
    outer loop
      vertex 52.6 2.6999999999999997 0
      vertex 15.272799741739908 6.327880239728737 0
      vertex 15.540931804264268 6.381215023055847 0
    endloop
  endfacet
  facet normal 0 0 -1
    outer loop
      vertex 52.6 2.6999999999999997 0
      vertex 15.540931804264268 6.381215023055847 0
      vertex 15.799808373643039 6.469091777051411 0
    endloop
  endfacet
  facet normal 0 0 -1
    outer loop
      vertex 52.6 2.6999999999999997 0
      vertex 15.799808373643039 6.469091777051411 0
      vertex 16.045 6.590006906090523 0
    endloop
  endfacet
  facet normal 0 0 -1
    outer loop
      vertex 52.6 2.6999999999999997 0
      vertex 16.045 6.590006906090523 0
      vertex 16.272311386628225 6.741891518791319 0
    endloop
  endfacet
  facet normal 0 0 -1
    outer loop
      vertex 52.6 2.6999999999999997 0
      vertex 16.272311386628225 6.741891518791319 0
      vertex 16.477853172679886 6.922146827320115 0
    endloop
  endfacet
  facet normal 0 0 -1
    outer loop
      vertex 52.6 2.6999999999999997 0
      vertex 16.477853172679886 6.922146827320115 0
      vertex 29.15 10.25 0
    endloop
  endfacet
  facet normal 0 0 1
    outer loop
      vertex 26.65 5.4 2.4
      vertex 44.4 5.4 2.4
      vertex 24.952024008349483 7.769486285189535 2.4
    endloop
  endfacet
  facet normal 0 0 1
    outer loop
      vertex 24.952024008349483 7.769486285189535 2.4
      vertex 46.54797599165052 7.769486285189535 2.4
      vertex 25.039230484541328 7.9 2.4
    endloop
  endfacet
  facet normal 0 0 1
    outer loop
      vertex 25.039230484541328 7.9 2.4
      vertex 46.391344560986454 8.040779881161892 2.4
      vertex 25.108655439013543 8.040779881161892 2.4
    endloop
  endfacet
  facet normal 0 0 1
    outer loop
      vertex 25.108655439013543 8.040779881161892 2.4
      vertex 46.391344560986454 8.040779881161892 2.4
      vertex 25.159110991546882 8.189417145876975 2.4
    endloop
  endfacet
  facet normal 0 0 1
    outer loop
      vertex 25.159110991546882 8.189417145876975 2.4
      vertex 46.3 8.5 2.4
      vertex 25.18973383364857 8.343368569335938 2.4
    endloop
  endfacet
  facet normal 0 0 1
    outer loop
      vertex 25.18973383364857 8.343368569335938 2.4
      vertex 46.3 8.5 2.4
      vertex 25.2 8.5 2.4
    endloop
  endfacet
  facet normal 0 0 1
    outer loop
      vertex 25.2 8.5 2.4
      vertex 46.3 8.5 2.4
      vertex 25.18973383364857 8.656631430664062 2.4
    endloop
  endfacet
  facet normal 0 0 1
    outer loop
      vertex 25.18973383364857 8.656631430664062 2.4
      vertex 46.3 8.5 2.4
      vertex 25.159110991546882 8.810582854123025 2.4
    endloop
  endfacet
  facet normal 0 0 1
    outer loop
      vertex 25.108655439013543 8.959220118838108 2.4
      vertex 25.159110991546882 8.810582854123025 2.4
      vertex 46.391344560986454 8.959220118838108 2.4
    endloop
  endfacet
  facet normal 0 0 1
    outer loop
      vertex 25.108655439013543 8.959220118838108 2.4
      vertex 46.391344560986454 8.959220118838108 2.4
      vertex 25.039230484541328 9.1 2.4
    endloop
  endfacet
  facet normal 0 0 1
    outer loop
      vertex 25.039230484541328 9.1 2.4
      vertex 46.391344560986454 8.959220118838108 2.4
      vertex 29.15 10.25 2.4
    endloop
  endfacet
  facet normal 0 0 -1
    outer loop
      vertex 29.15 15.25 0
      vertex 43.15 15.25 0
      vertex 29.15 12.25 0
    endloop
  endfacet
  facet normal 0 0 1
    outer loop
      vertex 25.039230484541328 9.1 2.4
      vertex 29.15 10.25 2.4
      vertex 29.15 12.25 2.4
    endloop
  endfacet
  facet normal 0 0 1
    outer loop
      vertex 20.9 16.2 2.4
      vertex 29.15 12.25 2.4
      vertex 43.15 12.25 2.4
    endloop
  endfacet
  facet normal 0 0 1
    outer loop
      vertex 20.9 16.2 2.4
      vertex 43.15 12.25 2.4
      vertex 29.15 15.25 2.4
    endloop
  endfacet
  facet normal 0 -1 0
    outer loop
      vertex 2.6999999999999997 2.6999999999999997 0
      vertex 52.6 2.6999999999999997 0
      vertex 52.6 2.6999999999999997 1.2686291501015237
    endloop
  endfacet
  facet normal 0 -1 0
    outer loop
      vertex 2.6999999999999997 2.6999999999999997 0
      vertex 52.6 2.6999999999999997 1.2686291501015237
      vertex 51.46862915010153 2.6999999999999997 2.4
    endloop
  endfacet
  facet normal 0 0 1
    outer loop
      vertex 24.952024008349483 7.769486285189535 2.4
      vertex 44.4 5.4 2.4
      vertex 46.54797599165052 7.769486285189535 2.4
    endloop
  endfacet
  facet normal 0 0 1
    outer loop
      vertex 25.039230484541328 7.9 2.4
      vertex 46.46076951545867 7.9 2.4
      vertex 46.391344560986454 8.040779881161892 2.4
    endloop
  endfacet
  facet normal 0 0 1
    outer loop
      vertex 25.039230484541328 7.9 2.4
      vertex 46.54797599165052 7.769486285189535 2.4
      vertex 46.46076951545867 7.9 2.4
    endloop
  endfacet
  facet normal 0 0 1
    outer loop
      vertex 25.159110991546882 8.189417145876975 2.4
      vertex 46.391344560986454 8.040779881161892 2.4
      vertex 46.34088900845312 8.189417145876975 2.4
    endloop
  endfacet
  facet normal 0 0 1
    outer loop
      vertex 25.159110991546882 8.189417145876975 2.4
      vertex 46.34088900845312 8.189417145876975 2.4
      vertex 46.310266166351425 8.343368569335938 2.4
    endloop
  endfacet
  facet normal 0 0 1
    outer loop
      vertex 25.159110991546882 8.189417145876975 2.4
      vertex 46.310266166351425 8.343368569335938 2.4
      vertex 46.3 8.5 2.4
    endloop
  endfacet
  facet normal 0 0 1
    outer loop
      vertex 25.159110991546882 8.810582854123025 2.4
      vertex 46.3 8.5 2.4
      vertex 46.310266166351425 8.656631430664062 2.4
    endloop
  endfacet
  facet normal 0 0 1
    outer loop
      vertex 25.159110991546882 8.810582854123025 2.4
      vertex 46.310266166351425 8.656631430664062 2.4
      vertex 46.34088900845312 8.810582854123025 2.4
    endloop
  endfacet
  facet normal 0 0 1
    outer loop
      vertex 25.159110991546882 8.810582854123025 2.4
      vertex 46.34088900845312 8.810582854123025 2.4
      vertex 46.391344560986454 8.959220118838108 2.4
    endloop
  endfacet
  facet normal 0 0 1
    outer loop
      vertex 46.391344560986454 8.959220118838108 2.4
      vertex 43.15 10.25 2.4
      vertex 29.15 10.25 2.4
    endloop
  endfacet
  facet normal 0 0 -1
    outer loop
      vertex 29.15 12.25 0
      vertex 43.15 15.25 0
      vertex 43.15 12.25 0
    endloop
  endfacet
  facet normal 0 0 1
    outer loop
      vertex 43.15 12.25 2.4
      vertex 43.15 15.25 2.4
      vertex 29.15 15.25 2.4
    endloop
  endfacet
  facet normal 0 0 -1
    outer loop
      vertex 29.15 20.25 0
      vertex 43.15 20.25 0
      vertex 29.15 17.25 0
    endloop
  endfacet
  facet normal 0 0 -1
    outer loop
      vertex 29.15 25.25 0
      vertex 43.15 25.25 0
      vertex 29.15 22.25 0
    endloop
  endfacet
  facet normal 0 0 1
    outer loop
      vertex 29.15 20.25 2.4
      vertex 29.15 17.25 2.4
      vertex 43.15 17.25 2.4
    endloop
  endfacet
  facet normal 0 0 1
    outer loop
      vertex 29.15 25.25 2.4
      vertex 29.15 22.25 2.4
      vertex 43.15 22.25 2.4
    endloop
  endfacet
  facet normal 0 0 -1
    outer loop
      vertex 29.15 30.25 0
      vertex 43.15 30.25 0
      vertex 29.15 27.25 0
    endloop
  endfacet
  facet normal 0 0 1
    outer loop
      vertex 29.15 30.25 2.4
      vertex 29.15 27.25 2.4
      vertex 43.15 27.25 2.4
    endloop
  endfacet
  facet normal 0 0 -1
    outer loop
      vertex 29.15 17.25 0
      vertex 43.15 20.25 0
      vertex 43.15 17.25 0
    endloop
  endfacet
  facet normal 0 0 -1
    outer loop
      vertex 29.15 22.25 0
      vertex 43.15 25.25 0
      vertex 43.15 22.25 0
    endloop
  endfacet
  facet normal 0 0 1
    outer loop
      vertex 43.15 17.25 2.4
      vertex 43.15 20.25 2.4
      vertex 29.15 20.25 2.4
    endloop
  endfacet
  facet normal 0 0 1
    outer loop
      vertex 43.15 25.25 2.4
      vertex 29.15 25.25 2.4
      vertex 43.15 22.25 2.4
    endloop
  endfacet
  facet normal 0 0 -1
    outer loop
      vertex 29.15 27.25 0
      vertex 43.15 30.25 0
      vertex 43.15 27.25 0
    endloop
  endfacet
  facet normal 0 0 1
    outer loop
      vertex 43.15 27.25 2.4
      vertex 43.15 30.25 2.4
      vertex 29.15 30.25 2.4
    endloop
  endfacet
  facet normal 0 0 -1
    outer loop
      vertex 52.6 2.6999999999999997 0
      vertex 29.15 10.25 0
      vertex 43.15 10.25 0
    endloop
  endfacet
  facet normal 0 0 -1
    outer loop
      vertex 52.6 2.6999999999999997 0
      vertex 43.15 10.25 0
      vertex 43.15 12.25 0
    endloop
  endfacet
  facet normal 0 0 1
    outer loop
      vertex 26.65 3.7 2.4
      vertex 51.46862915010153 2.6999999999999997 2.4
      vertex 44.4 3.7 2.4
    endloop
  endfacet
  facet normal 0 0 1
    outer loop
      vertex 44.4 5.4 2.4
      vertex 46.651471862576145 7.651471862576143 2.4
      vertex 46.54797599165052 7.769486285189535 2.4
    endloop
  endfacet
  facet normal 0 0 1
    outer loop
      vertex 44.4 5.4 2.4
      vertex 46.76948628518954 7.547975991650517 2.4
      vertex 46.651471862576145 7.651471862576143 2.4
    endloop
  endfacet
  facet normal 0 0 1
    outer loop
      vertex 44.4 5.4 2.4
      vertex 47.18941714587697 7.340889008453118 2.4
      vertex 47.04077988116189 7.391344560986456 2.4
    endloop
  endfacet
  facet normal 0 0 1
    outer loop
      vertex 44.4 5.4 2.4
      vertex 47.34336856933594 7.310266166351427 2.4
      vertex 47.18941714587697 7.340889008453118 2.4
    endloop
  endfacet
  facet normal 0 0 1
    outer loop
      vertex 44.4 5.4 2.4
      vertex 46.9 7.460769515458674 2.4
      vertex 46.76948628518954 7.547975991650517 2.4
    endloop
  endfacet
  facet normal 0 0 1
    outer loop
      vertex 44.4 5.4 2.4
      vertex 47.04077988116189 7.391344560986456 2.4
      vertex 46.9 7.460769515458674 2.4
    endloop
  endfacet
  facet normal 0 0 -1
    outer loop
      vertex 52.6 2.6999999999999997 0
      vertex 43.15 12.25 0
      vertex 43.15 15.25 0
    endloop
  endfacet
  facet normal 0 0 -1
    outer loop
      vertex 52.6 2.6999999999999997 0
      vertex 43.15 15.25 0
      vertex 43.15 17.25 0
    endloop
  endfacet
  facet normal 0 0 1
    outer loop
      vertex 46.391344560986454 8.959220118838108 2.4
      vertex 43.15 12.25 2.4
      vertex 43.15 10.25 2.4
    endloop
  endfacet
  facet normal 0 0 1
    outer loop
      vertex 46.391344560986454 8.959220118838108 2.4
      vertex 43.15 15.25 2.4
      vertex 43.15 12.25 2.4
    endloop
  endfacet
  facet normal 0 0 1
    outer loop
      vertex 46.391344560986454 8.959220118838108 2.4
      vertex 46.46076951545867 9.1 2.4
      vertex 43.15 15.25 2.4
    endloop
  endfacet
  facet normal 0 0 1
    outer loop
      vertex 46.46076951545867 9.1 2.4
      vertex 46.54797599165052 9.230513714810465 2.4
      vertex 43.15 15.25 2.4
    endloop
  endfacet
  facet normal 0 0 1
    outer loop
      vertex 46.54797599165052 9.230513714810465 2.4
      vertex 46.651471862576145 9.348528137423857 2.4
      vertex 43.15 15.25 2.4
    endloop
  endfacet
  facet normal 0 0 1
    outer loop
      vertex 46.651471862576145 9.348528137423857 2.4
      vertex 46.76948628518954 9.452024008349483 2.4
      vertex 43.15 15.25 2.4
    endloop
  endfacet
  facet normal 0 0 1
    outer loop
      vertex 46.76948628518954 9.452024008349483 2.4
      vertex 46.9 9.539230484541326 2.4
      vertex 43.15 15.25 2.4
    endloop
  endfacet
  facet normal 0 0 1
    outer loop
      vertex 46.9 9.539230484541326 2.4
      vertex 47.04077988116189 9.608655439013544 2.4
      vertex 43.15 15.25 2.4
    endloop
  endfacet
  facet normal 0 0 1
    outer loop
      vertex 47.04077988116189 9.608655439013544 2.4
      vertex 47.18941714587697 9.659110991546882 2.4
      vertex 43.15 15.25 2.4
    endloop
  endfacet
  facet normal 0 0 1
    outer loop
      vertex 47.18941714587697 9.659110991546882 2.4
      vertex 47.34336856933594 9.689733833648573 2.4
      vertex 43.15 15.25 2.4
    endloop
  endfacet
  facet normal 0 0 1
    outer loop
      vertex 47.34336856933594 9.689733833648573 2.4
      vertex 47.5 9.7 2.4
      vertex 43.15 15.25 2.4
    endloop
  endfacet
  facet normal 0 0 1
    outer loop
      vertex 47.5 9.7 2.4
      vertex 47.65663143066406 9.689733833648573 2.4
      vertex 43.15 15.25 2.4
    endloop
  endfacet
  facet normal 0 0 1
    outer loop
      vertex 47.65663143066406 9.689733833648573 2.4
      vertex 47.81058285412303 9.659110991546882 2.4
      vertex 43.15 15.25 2.4
    endloop
  endfacet
  facet normal 0 0 1
    outer loop
      vertex 47.81058285412303 9.659110991546882 2.4
      vertex 43.15 17.25 2.4
      vertex 43.15 15.25 2.4
    endloop
  endfacet
  facet normal 0 0 1
    outer loop
      vertex 47.81058285412303 9.659110991546882 2.4
      vertex 43.15 20.25 2.4
      vertex 43.15 17.25 2.4
    endloop
  endfacet
  facet normal 0 0 1
    outer loop
      vertex 44.4 3.7 2.4
      vertex 51.46862915010153 2.6999999999999997 2.4
      vertex 44.4 5.4 2.4
    endloop
  endfacet
  facet normal 0 0 1
    outer loop
      vertex 44.4 5.4 2.4
      vertex 51.46862915010153 2.6999999999999997 2.4
      vertex 48.1 7.460769515458674 2.4
    endloop
  endfacet
  facet normal 0 0 1
    outer loop
      vertex 48.1 7.460769515458674 2.4
      vertex 51.46862915010153 2.6999999999999997 2.4
      vertex 48.23051371481046 7.547975991650517 2.4
    endloop
  endfacet
  facet normal 0 0 1
    outer loop
      vertex 48.23051371481046 7.547975991650517 2.4
      vertex 51.46862915010153 2.6999999999999997 2.4
      vertex 48.348528137423855 7.651471862576143 2.4
    endloop
  endfacet
  facet normal 0 0 1
    outer loop
      vertex 48.348528137423855 7.651471862576143 2.4
      vertex 51.46862915010153 2.6999999999999997 2.4
      vertex 48.45202400834948 7.769486285189535 2.4
    endloop
  endfacet
  facet normal 0 0 1
    outer loop
      vertex 44.4 5.4 2.4
      vertex 47.5 7.3 2.4
      vertex 47.34336856933594 7.310266166351427 2.4
    endloop
  endfacet
  facet normal 0 0 1
    outer loop
      vertex 44.4 5.4 2.4
      vertex 47.65663143066406 7.310266166351427 2.4
      vertex 47.5 7.3 2.4
    endloop
  endfacet
  facet normal 0 0 1
    outer loop
      vertex 44.4 5.4 2.4
      vertex 47.81058285412303 7.340889008453118 2.4
      vertex 47.65663143066406 7.310266166351427 2.4
    endloop
  endfacet
  facet normal 0 0 1
    outer loop
      vertex 44.4 5.4 2.4
      vertex 47.95922011883811 7.391344560986456 2.4
      vertex 47.81058285412303 7.340889008453118 2.4
    endloop
  endfacet
  facet normal 0 0 1
    outer loop
      vertex 44.4 5.4 2.4
      vertex 48.1 7.460769515458674 2.4
      vertex 47.95922011883811 7.391344560986456 2.4
    endloop
  endfacet
  facet normal 0 0 1
    outer loop
      vertex 48.45202400834948 7.769486285189535 2.4
      vertex 51.46862915010153 2.6999999999999997 2.4
      vertex 48.53923048454133 7.9 2.4
    endloop
  endfacet
  facet normal 0 0 1
    outer loop
      vertex 48.53923048454133 7.9 2.4
      vertex 51.46862915010153 2.6999999999999997 2.4
      vertex 48.608655439013546 8.040779881161892 2.4
    endloop
  endfacet
  facet normal 0 0 1
    outer loop
      vertex 48.608655439013546 8.040779881161892 2.4
      vertex 51.46862915010153 2.6999999999999997 2.4
      vertex 48.65911099154688 8.189417145876975 2.4
    endloop
  endfacet
  facet normal 0 0 1
    outer loop
      vertex 48.65911099154688 8.189417145876975 2.4
      vertex 51.46862915010153 2.6999999999999997 2.4
      vertex 48.689733833648575 8.343368569335938 2.4
    endloop
  endfacet
  facet normal 0 0 1
    outer loop
      vertex 48.689733833648575 8.343368569335938 2.4
      vertex 51.46862915010153 2.6999999999999997 2.4
      vertex 48.7 8.5 2.4
    endloop
  endfacet
  facet normal 0 0 1
    outer loop
      vertex 47.81058285412303 9.659110991546882 2.4
      vertex 46.54797599165052 54.76948628518954 2.4
      vertex 43.15 20.25 2.4
    endloop
  endfacet
  facet normal 1 0 0
    outer loop
      vertex 52.6 2.6999999999999997 0
      vertex 52.6 57.7 0
      vertex 52.6 2.6999999999999997 1.2686291501015237
    endloop
  endfacet
  facet normal 0 0 1
    outer loop
      vertex 48.7 8.5 2.4
      vertex 51.46862915010153 2.6999999999999997 2.4
      vertex 46.651471862576145 54.651471862576145 2.4
    endloop
  endfacet
  facet normal 0 0 1
    outer loop
      vertex 48.7 8.5 2.4
      vertex 46.651471862576145 54.651471862576145 2.4
      vertex 48.689733833648575 8.656631430664062 2.4
    endloop
  endfacet
  facet normal 0 0 1
    outer loop
      vertex 48.689733833648575 8.656631430664062 2.4
      vertex 46.651471862576145 54.651471862576145 2.4
      vertex 48.65911099154688 8.810582854123025 2.4
    endloop
  endfacet
  facet normal 0 0 1
    outer loop
      vertex 48.65911099154688 8.810582854123025 2.4
      vertex 46.651471862576145 54.651471862576145 2.4
      vertex 48.608655439013546 8.959220118838108 2.4
    endloop
  endfacet
  facet normal 0 0 1
    outer loop
      vertex 48.608655439013546 8.959220118838108 2.4
      vertex 46.651471862576145 54.651471862576145 2.4
      vertex 48.53923048454133 9.1 2.4
    endloop
  endfacet
  facet normal 0 0 -1
    outer loop
      vertex 52.6 2.6999999999999997 0
      vertex 43.15 17.25 0
      vertex 52.6 57.7 0
    endloop
  endfacet
  facet normal 0 0 1
    outer loop
      vertex 47.81058285412303 9.659110991546882 2.4
      vertex 47.95922011883811 9.608655439013544 2.4
      vertex 46.651471862576145 54.651471862576145 2.4
    endloop
  endfacet
  facet normal 0 0 1
    outer loop
      vertex 47.95922011883811 9.608655439013544 2.4
      vertex 48.1 9.539230484541326 2.4
      vertex 46.651471862576145 54.651471862576145 2.4
    endloop
  endfacet
  facet normal 0 0 1
    outer loop
      vertex 48.1 9.539230484541326 2.4
      vertex 48.23051371481046 9.452024008349483 2.4
      vertex 46.651471862576145 54.651471862576145 2.4
    endloop
  endfacet
  facet normal 0 0 1
    outer loop
      vertex 48.348528137423855 9.348528137423857 2.4
      vertex 48.45202400834948 9.230513714810465 2.4
      vertex 46.651471862576145 54.651471862576145 2.4
    endloop
  endfacet
  facet normal 0 0 1
    outer loop
      vertex 48.23051371481046 9.452024008349483 2.4
      vertex 48.348528137423855 9.348528137423857 2.4
      vertex 46.651471862576145 54.651471862576145 2.4
    endloop
  endfacet
  facet normal 0 0 1
    outer loop
      vertex 48.45202400834948 9.230513714810465 2.4
      vertex 48.53923048454133 9.1 2.4
      vertex 46.651471862576145 54.651471862576145 2.4
    endloop
  endfacet
  facet normal 0 0 1
    outer loop
      vertex 20.9 46.2 2.4
      vertex 29.15 32.25 2.4
      vertex 43.15 32.25 2.4
    endloop
  endfacet
  facet normal 0 0 1
    outer loop
      vertex 20.9 46.2 2.4
      vertex 43.15 32.25 2.4
      vertex 46.54797599165052 54.76948628518954 2.4
    endloop
  endfacet
  facet normal 0 0 -1
    outer loop
      vertex 52.6 57.7 0
      vertex 29.15 32.25 0
      vertex 16.930908222948588 51.20019162635697 0
    endloop
  endfacet
  facet normal 0 0 1
    outer loop
      vertex 20.9 46.2 2.4
      vertex 46.3 55.5 2.4
      vertex 25.108655439013543 55.04077988116189 2.4
    endloop
  endfacet
  facet normal 0 0 -1
    outer loop
      vertex 52.6 57.7 0
      vertex 16.930908222948588 51.20019162635697 0
      vertex 17.018784976944154 51.45906819573573 0
    endloop
  endfacet
  facet normal 0 0 -1
    outer loop
      vertex 52.6 57.7 0
      vertex 17.018784976944154 51.45906819573573 0
      vertex 17.072119760271264 51.72720025826009 0
    endloop
  endfacet
  facet normal 0 0 -1
    outer loop
      vertex 52.6 57.7 0
      vertex 17.072119760271264 51.72720025826009 0
      vertex 17.09 52 0
    endloop
  endfacet
  facet normal 0 0 -1
    outer loop
      vertex 52.6 57.7 0
      vertex 17.09 52 0
      vertex 17.072119760271264 52.27279974173991 0
    endloop
  endfacet
  facet normal 0 0 -1
    outer loop
      vertex 52.6 57.7 0
      vertex 16.658108481208682 53.272311386628225 0
      vertex 16.477853172679886 53.477853172679886 0
    endloop
  endfacet
  facet normal 0 0 -1
    outer loop
      vertex 52.6 57.7 0
      vertex 16.809993093909476 53.044999999999995 0
      vertex 16.658108481208682 53.272311386628225 0
    endloop
  endfacet
  facet normal 0 0 -1
    outer loop
      vertex 52.6 57.7 0
      vertex 16.930908222948588 52.79980837364303 0
      vertex 16.809993093909476 53.044999999999995 0
    endloop
  endfacet
  facet normal 0 0 -1
    outer loop
      vertex 52.6 57.7 0
      vertex 17.072119760271264 52.27279974173991 0
      vertex 17.018784976944154 52.54093180426427 0
    endloop
  endfacet
  facet normal 0 0 -1
    outer loop
      vertex 52.6 57.7 0
      vertex 17.018784976944154 52.54093180426427 0
      vertex 16.930908222948588 52.79980837364303 0
    endloop
  endfacet
  facet normal 0 0 -1
    outer loop
      vertex 52.6 57.7 0
      vertex 15.540931804264268 54.018784976944154 0
      vertex 15.272799741739908 54.07211976027127 0
    endloop
  endfacet
  facet normal 0 0 -1
    outer loop
      vertex 52.6 57.7 0
      vertex 15.799808373643039 53.930908222948595 0
      vertex 15.540931804264268 54.018784976944154 0
    endloop
  endfacet
  facet normal 0 0 -1
    outer loop
      vertex 52.6 57.7 0
      vertex 16.045 53.809993093909476 0
      vertex 15.799808373643039 53.930908222948595 0
    endloop
  endfacet
  facet normal 0 0 -1
    outer loop
      vertex 52.6 57.7 0
      vertex 16.272311386628225 53.65810848120868 0
      vertex 16.045 53.809993093909476 0
    endloop
  endfacet
  facet normal 0 0 -1
    outer loop
      vertex 52.6 57.7 0
      vertex 16.477853172679886 53.477853172679886 0
      vertex 16.272311386628225 53.65810848120868 0
    endloop
  endfacet
  facet normal 0 1 0
    outer loop
      vertex 2.6999999999999997 57.7 2.4
      vertex 32.55 57.7 1.4
      vertex 52.6 57.7 0
    endloop
  endfacet
  facet normal 0 0 1
    outer loop
      vertex 25.159110991546882 55.81058285412303 2.4
      vertex 32.55 55.7 2.4
      vertex 32.55 57.7 2.4
    endloop
  endfacet
  facet normal 0 0 1
    outer loop
      vertex 25.108655439013543 55.04077988116189 2.4
      vertex 46.3 55.5 2.4
      vertex 25.159110991546882 55.18941714587697 2.4
    endloop
  endfacet
  facet normal 0 0 1
    outer loop
      vertex 25.159110991546882 55.18941714587697 2.4
      vertex 46.3 55.5 2.4
      vertex 25.18973383364857 55.34336856933594 2.4
    endloop
  endfacet
  facet normal 0 0 1
    outer loop
      vertex 25.18973383364857 55.34336856933594 2.4
      vertex 46.3 55.5 2.4
      vertex 25.2 55.5 2.4
    endloop
  endfacet
  facet normal 0 0 1
    outer loop
      vertex 25.2 55.5 2.4
      vertex 38.949999999999996 55.7 2.4
      vertex 32.55 55.7 2.4
    endloop
  endfacet
  facet normal 0 0 1
    outer loop
      vertex 20.9 46.2 2.4
      vertex 46.54797599165052 54.76948628518954 2.4
      vertex 46.46076951545867 54.9 2.4
    endloop
  endfacet
  facet normal 0 0 1
    outer loop
      vertex 20.9 46.2 2.4
      vertex 46.391344560986454 55.04077988116189 2.4
      vertex 46.34088900845312 55.18941714587697 2.4
    endloop
  endfacet
  facet normal 0 0 1
    outer loop
      vertex 20.9 46.2 2.4
      vertex 46.46076951545867 54.9 2.4
      vertex 46.391344560986454 55.04077988116189 2.4
    endloop
  endfacet
  facet normal 0 0 1
    outer loop
      vertex 20.9 46.2 2.4
      vertex 46.34088900845312 55.18941714587697 2.4
      vertex 46.310266166351425 55.34336856933594 2.4
    endloop
  endfacet
  facet normal 0 0 1
    outer loop
      vertex 20.9 46.2 2.4
      vertex 46.310266166351425 55.34336856933594 2.4
      vertex 46.3 55.5 2.4
    endloop
  endfacet
  facet normal 0 0 1
    outer loop
      vertex 25.2 55.5 2.4
      vertex 46.3 55.5 2.4
      vertex 38.949999999999996 55.7 2.4
    endloop
  endfacet
  facet normal 0 0 -1
    outer loop
      vertex 52.6 57.7 0
      vertex 43.15 17.25 0
      vertex 43.15 20.25 0
    endloop
  endfacet
  facet normal 0 0 -1
    outer loop
      vertex 52.6 57.7 0
      vertex 43.15 20.25 0
      vertex 43.15 22.25 0
    endloop
  endfacet
  facet normal 0 0 -1
    outer loop
      vertex 52.6 57.7 0
      vertex 43.15 22.25 0
      vertex 43.15 25.25 0
    endloop
  endfacet
  facet normal 0 0 -1
    outer loop
      vertex 52.6 57.7 0
      vertex 43.15 25.25 0
      vertex 43.15 27.25 0
    endloop
  endfacet
  facet normal 0 0 -1
    outer loop
      vertex 52.6 57.7 0
      vertex 43.15 27.25 0
      vertex 43.15 30.25 0
    endloop
  endfacet
  facet normal 0 0 1
    outer loop
      vertex 46.54797599165052 54.76948628518954 2.4
      vertex 43.15 22.25 2.4
      vertex 43.15 20.25 2.4
    endloop
  endfacet
  facet normal 0 0 1
    outer loop
      vertex 46.54797599165052 54.76948628518954 2.4
      vertex 43.15 25.25 2.4
      vertex 43.15 22.25 2.4
    endloop
  endfacet
  facet normal 0 0 1
    outer loop
      vertex 46.54797599165052 54.76948628518954 2.4
      vertex 43.15 27.25 2.4
      vertex 43.15 25.25 2.4
    endloop
  endfacet
  facet normal 0 0 1
    outer loop
      vertex 46.54797599165052 54.76948628518954 2.4
      vertex 43.15 30.25 2.4
      vertex 43.15 27.25 2.4
    endloop
  endfacet
  facet normal 0 0 -1
    outer loop
      vertex 52.6 57.7 0
      vertex 43.15 32.25 0
      vertex 29.15 32.25 0
    endloop
  endfacet
  facet normal 0 0 -1
    outer loop
      vertex 52.6 57.7 0
      vertex 43.15 30.25 0
      vertex 43.15 32.25 0
    endloop
  endfacet
  facet normal 0 0 1
    outer loop
      vertex 46.54797599165052 54.76948628518954 2.4
      vertex 43.15 32.25 2.4
      vertex 43.15 30.25 2.4
    endloop
  endfacet
  facet normal 0 0 1
    outer loop
      vertex 46.651471862576145 54.651471862576145 2.4
      vertex 51.46862915010153 2.6999999999999997 2.4
      vertex 46.76948628518954 54.54797599165052 2.4
    endloop
  endfacet
  facet normal 0 0 1
    outer loop
      vertex 46.76948628518954 54.54797599165052 2.4
      vertex 51.46862915010153 2.6999999999999997 2.4
      vertex 46.9 54.46076951545867 2.4
    endloop
  endfacet
  facet normal 0 0 1
    outer loop
      vertex 47.04077988116189 54.391344560986454 2.4
      vertex 46.9 54.46076951545867 2.4
      vertex 51.46862915010153 2.6999999999999997 2.4
    endloop
  endfacet
  facet normal 0 0 1
    outer loop
      vertex 47.18941714587697 54.34088900845312 2.4
      vertex 51.46862915010153 2.6999999999999997 2.4
      vertex 47.34336856933594 54.310266166351425 2.4
    endloop
  endfacet
  facet normal 0 0 1
    outer loop
      vertex 47.04077988116189 54.391344560986454 2.4
      vertex 51.46862915010153 2.6999999999999997 2.4
      vertex 47.18941714587697 54.34088900845312 2.4
    endloop
  endfacet
  facet normal 0 0 1
    outer loop
      vertex 47.34336856933594 54.310266166351425 2.4
      vertex 51.46862915010153 2.6999999999999997 2.4
      vertex 47.5 54.3 2.4
    endloop
  endfacet
  facet normal 0 0 1
    outer loop
      vertex 47.5 54.3 2.4
      vertex 51.46862915010153 2.6999999999999997 2.4
      vertex 47.65663143066406 54.310266166351425 2.4
    endloop
  endfacet
  facet normal 0 0 1
    outer loop
      vertex 47.65663143066406 54.310266166351425 2.4
      vertex 51.46862915010153 2.6999999999999997 2.4
      vertex 47.81058285412303 54.34088900845312 2.4
    endloop
  endfacet
  facet normal 0 0 1
    outer loop
      vertex 47.81058285412303 54.34088900845312 2.4
      vertex 51.46862915010153 2.6999999999999997 2.4
      vertex 47.95922011883811 54.391344560986454 2.4
    endloop
  endfacet
  facet normal 0 0 1
    outer loop
      vertex 47.95922011883811 54.391344560986454 2.4
      vertex 51.46862915010153 2.6999999999999997 2.4
      vertex 48.1 54.46076951545867 2.4
    endloop
  endfacet
  facet normal 0 0 1
    outer loop
      vertex 48.1 54.46076951545867 2.4
      vertex 51.46862915010153 2.6999999999999997 2.4
      vertex 48.23051371481046 54.54797599165052 2.4
    endloop
  endfacet
  facet normal 0 0 1
    outer loop
      vertex 48.23051371481046 54.54797599165052 2.4
      vertex 51.46862915010153 2.6999999999999997 2.4
      vertex 48.348528137423855 54.651471862576145 2.4
    endloop
  endfacet
  facet normal 0 0 1
    outer loop
      vertex 48.348528137423855 54.651471862576145 2.4
      vertex 51.46862915010153 2.6999999999999997 2.4
      vertex 48.45202400834948 54.76948628518954 2.4
    endloop
  endfacet
  facet normal 0 0 1
    outer loop
      vertex 48.45202400834948 54.76948628518954 2.4
      vertex 51.46862915010153 2.6999999999999997 2.4
      vertex 48.53923048454133 54.9 2.4
    endloop
  endfacet
  facet normal 0 0 1
    outer loop
      vertex 48.53923048454133 54.9 2.4
      vertex 51.46862915010153 2.6999999999999997 2.4
      vertex 48.608655439013546 55.04077988116189 2.4
    endloop
  endfacet
  facet normal 0 0 1
    outer loop
      vertex 48.608655439013546 55.04077988116189 2.4
      vertex 51.46862915010153 2.6999999999999997 2.4
      vertex 48.65911099154688 55.18941714587697 2.4
    endloop
  endfacet
  facet normal 0 0 1
    outer loop
      vertex 48.65911099154688 55.18941714587697 2.4
      vertex 51.46862915010153 2.6999999999999997 2.4
      vertex 48.689733833648575 55.34336856933594 2.4
    endloop
  endfacet
  facet normal 0 0 1
    outer loop
      vertex 48.689733833648575 55.34336856933594 2.4
      vertex 51.46862915010153 2.6999999999999997 2.4
      vertex 48.7 55.5 2.4
    endloop
  endfacet
  facet normal 0 0 1
    outer loop
      vertex 48.7 55.5 2.4
      vertex 51.46862915010153 2.6999999999999997 2.4
      vertex 51.46862915010153 57.7 2.4
    endloop
  endfacet
  facet normal 1 0 0
    outer loop
      vertex 52.6 57.7 0
      vertex 52.6 57.7 1.2686291501015237
      vertex 52.6 2.6999999999999997 1.2686291501015237
    endloop
  endfacet
  facet normal 0 0 1
    outer loop
      vertex 47.81058285412303 9.659110991546882 2.4
      vertex 46.651471862576145 54.651471862576145 2.4
      vertex 46.54797599165052 54.76948628518954 2.4
    endloop
  endfacet
  facet normal 0 1 0
    outer loop
      vertex 32.55 57.7 1.4
      vertex 38.949999999999996 57.7 1.4
      vertex 52.6 57.7 0
    endloop
  endfacet
  facet normal 0 0 1
    outer loop
      vertex 38.949999999999996 55.7 2.4
      vertex 46.310266166351425 55.65663143066406 2.4
      vertex 38.949999999999996 57.7 2.4
    endloop
  endfacet
  facet normal 0 1 0
    outer loop
      vertex 38.949999999999996 57.7 1.4
      vertex 38.949999999999996 57.7 2.4
      vertex 51.46862915010153 57.7 2.4
    endloop
  endfacet
  facet normal 0 0 1
    outer loop
      vertex 38.949999999999996 55.7 2.4
      vertex 46.3 55.5 2.4
      vertex 46.310266166351425 55.65663143066406 2.4
    endloop
  endfacet
  facet normal 0 0 1
    outer loop
      vertex 38.949999999999996 57.7 2.4
      vertex 46.310266166351425 55.65663143066406 2.4
      vertex 46.34088900845312 55.81058285412303 2.4
    endloop
  endfacet
  facet normal 0 0 1
    outer loop
      vertex 38.949999999999996 57.7 2.4
      vertex 46.34088900845312 55.81058285412303 2.4
      vertex 46.391344560986454 55.95922011883811 2.4
    endloop
  endfacet
  facet normal 0 0 1
    outer loop
      vertex 38.949999999999996 57.7 2.4
      vertex 46.391344560986454 55.95922011883811 2.4
      vertex 46.46076951545867 56.1 2.4
    endloop
  endfacet
  facet normal 0 0 1
    outer loop
      vertex 38.949999999999996 57.7 2.4
      vertex 46.46076951545867 56.1 2.4
      vertex 46.54797599165052 56.23051371481046 2.4
    endloop
  endfacet
  facet normal 0 0 1
    outer loop
      vertex 38.949999999999996 57.7 2.4
      vertex 46.54797599165052 56.23051371481046 2.4
      vertex 46.651471862576145 56.348528137423855 2.4
    endloop
  endfacet
  facet normal 0 0 1
    outer loop
      vertex 38.949999999999996 57.7 2.4
      vertex 46.651471862576145 56.348528137423855 2.4
      vertex 46.76948628518954 56.45202400834948 2.4
    endloop
  endfacet
  facet normal 0 0 1
    outer loop
      vertex 38.949999999999996 57.7 2.4
      vertex 46.76948628518954 56.45202400834948 2.4
      vertex 46.9 56.53923048454133 2.4
    endloop
  endfacet
  facet normal 0 0 1
    outer loop
      vertex 38.949999999999996 57.7 2.4
      vertex 46.9 56.53923048454133 2.4
      vertex 47.04077988116189 56.608655439013546 2.4
    endloop
  endfacet
  facet normal 0 0 1
    outer loop
      vertex 38.949999999999996 57.7 2.4
      vertex 47.04077988116189 56.608655439013546 2.4
      vertex 47.18941714587697 56.65911099154688 2.4
    endloop
  endfacet
  facet normal 0 0 1
    outer loop
      vertex 38.949999999999996 57.7 2.4
      vertex 47.18941714587697 56.65911099154688 2.4
      vertex 47.34336856933594 56.689733833648575 2.4
    endloop
  endfacet
  facet normal 0 0 1
    outer loop
      vertex 38.949999999999996 57.7 2.4
      vertex 47.34336856933594 56.689733833648575 2.4
      vertex 47.5 56.7 2.4
    endloop
  endfacet
  facet normal 0 0 1
    outer loop
      vertex 38.949999999999996 57.7 2.4
      vertex 47.5 56.7 2.4
      vertex 47.65663143066406 56.689733833648575 2.4
    endloop
  endfacet
  facet normal 0 0 1
    outer loop
      vertex 38.949999999999996 57.7 2.4
      vertex 47.65663143066406 56.689733833648575 2.4
      vertex 51.46862915010153 57.7 2.4
    endloop
  endfacet
  facet normal 0 1 0
    outer loop
      vertex 38.949999999999996 57.7 1.4
      vertex 52.6 57.7 1.2686291501015237
      vertex 52.6 57.7 0
    endloop
  endfacet
  facet normal 0 1 0
    outer loop
      vertex 38.949999999999996 57.7 1.4
      vertex 51.46862915010153 57.7 2.4
      vertex 52.6 57.7 1.2686291501015237
    endloop
  endfacet
  facet normal 0 0 1
    outer loop
      vertex 47.65663143066406 56.689733833648575 2.4
      vertex 47.81058285412303 56.65911099154688 2.4
      vertex 51.46862915010153 57.7 2.4
    endloop
  endfacet
  facet normal 0 0 1
    outer loop
      vertex 47.81058285412303 56.65911099154688 2.4
      vertex 47.95922011883811 56.608655439013546 2.4
      vertex 51.46862915010153 57.7 2.4
    endloop
  endfacet
  facet normal 0 0 1
    outer loop
      vertex 48.1 56.53923048454133 2.4
      vertex 48.23051371481046 56.45202400834948 2.4
      vertex 51.46862915010153 57.7 2.4
    endloop
  endfacet
  facet normal 0 0 1
    outer loop
      vertex 47.95922011883811 56.608655439013546 2.4
      vertex 48.1 56.53923048454133 2.4
      vertex 51.46862915010153 57.7 2.4
    endloop
  endfacet
  facet normal 0 0 1
    outer loop
      vertex 48.23051371481046 56.45202400834948 2.4
      vertex 48.348528137423855 56.348528137423855 2.4
      vertex 51.46862915010153 57.7 2.4
    endloop
  endfacet
  facet normal 0 0 1
    outer loop
      vertex 48.45202400834948 56.23051371481046 2.4
      vertex 51.46862915010153 57.7 2.4
      vertex 48.348528137423855 56.348528137423855 2.4
    endloop
  endfacet
  facet normal 0 0 1
    outer loop
      vertex 48.7 55.5 2.4
      vertex 51.46862915010153 57.7 2.4
      vertex 48.689733833648575 55.65663143066406 2.4
    endloop
  endfacet
  facet normal 0 0 1
    outer loop
      vertex 48.689733833648575 55.65663143066406 2.4
      vertex 51.46862915010153 57.7 2.4
      vertex 48.65911099154688 55.81058285412303 2.4
    endloop
  endfacet
  facet normal 0 0 1
    outer loop
      vertex 48.608655439013546 55.95922011883811 2.4
      vertex 51.46862915010153 57.7 2.4
      vertex 48.53923048454133 56.1 2.4
    endloop
  endfacet
  facet normal 0 0 1
    outer loop
      vertex 48.45202400834948 56.23051371481046 2.4
      vertex 48.53923048454133 56.1 2.4
      vertex 51.46862915010153 57.7 2.4
    endloop
  endfacet
  facet normal 0 0 1
    outer loop
      vertex 48.65911099154688 55.81058285412303 2.4
      vertex 51.46862915010153 57.7 2.4
      vertex 48.608655439013546 55.95922011883811 2.4
    endloop
  endfacet
  facet normal -1 0 0
    outer loop
      vertex 26.65 3.7 2.4
      vertex 26.65 5.4 7.4
      vertex 26.65 5.4 2.4
    endloop
  endfacet
  facet normal -1 0 0
    outer loop
      vertex 26.65 3.7 2.4
      vertex 26.65 3.7 7.4
      vertex 26.65 5.4 7.4
    endloop
  endfacet
  facet normal 0 1 0
    outer loop
      vertex 26.65 5.4 2.4
      vertex 26.65 5.4 7.4
      vertex 44.4 5.4 2.4
    endloop
  endfacet
  facet normal 0 -1 0
    outer loop
      vertex 26.65 3.7 2.4
      vertex 44.4 3.7 2.4
      vertex 44.4 3.7 7.4
    endloop
  endfacet
  facet normal 1 0 0
    outer loop
      vertex 44.4 3.7 2.4
      vertex 44.4 5.4 2.4
      vertex 44.4 3.7 7.4
    endloop
  endfacet
  facet normal 0 -1 0
    outer loop
      vertex 26.65 3.7 2.4
      vertex 44.4 3.7 7.4
      vertex 26.65 3.7 7.4
    endloop
  endfacet
  facet normal 0 0 1
    outer loop
      vertex 26.65 3.7 7.4
      vertex 44.4 3.7 7.4
      vertex 26.65 5.4 7.4
    endloop
  endfacet
  facet normal 0 1 0
    outer loop
      vertex 26.65 5.4 7.4
      vertex 44.4 5.4 7.4
      vertex 44.4 5.4 2.4
    endloop
  endfacet
  facet normal 0 0 1
    outer loop
      vertex 26.65 5.4 7.4
      vertex 44.4 3.7 7.4
      vertex 44.4 5.4 7.4
    endloop
  endfacet
  facet normal 1 0 0
    outer loop
      vertex 44.4 5.4 2.4
      vertex 44.4 5.4 7.4
      vertex 44.4 3.7 7.4
    endloop
  endfacet
  facet normal 0 -1 0
    outer loop
      vertex 19.15 16.2 2.4
      vertex 20.9 16.2 2.4
      vertex 20.9 16.2 7.4
    endloop
  endfacet
  facet normal 1 0 0
    outer loop
      vertex 20.9 16.2 2.4
      vertex 20.9 46.2 2.4
      vertex 20.9 16.2 7.4
    endloop
  endfacet
  facet normal 0 -1 0
    outer loop
      vertex 19.15 16.2 2.4
      vertex 20.9 16.2 7.4
      vertex 19.15 16.2 7.4
    endloop
  endfacet
  facet normal -1 0 0
    outer loop
      vertex 19.15 16.2 2.4
      vertex 19.15 16.2 7.4
      vertex 19.15 46.2 7.4
    endloop
  endfacet
  facet normal 0 0 1
    outer loop
      vertex 19.15 16.2 7.4
      vertex 20.9 16.2 7.4
      vertex 19.15 46.2 7.4
    endloop
  endfacet
  facet normal -1 0 0
    outer loop
      vertex 19.15 16.2 2.4
      vertex 19.15 46.2 7.4
      vertex 19.15 46.2 2.4
    endloop
  endfacet
  facet normal 0 1 0
    outer loop
      vertex 19.15 46.2 2.4
      vertex 19.15 46.2 7.4
      vertex 20.9 46.2 2.4
    endloop
  endfacet
  facet normal 1 0 0
    outer loop
      vertex 20.9 16.2 7.4
      vertex 20.9 46.2 2.4
      vertex 20.9 46.2 7.4
    endloop
  endfacet
  facet normal 0 0 1
    outer loop
      vertex 20.9 16.2 7.4
      vertex 20.9 46.2 7.4
      vertex 19.15 46.2 7.4
    endloop
  endfacet
  facet normal 0 1 0
    outer loop
      vertex 20.9 46.2 2.4
      vertex 19.15 46.2 7.4
      vertex 20.9 46.2 7.4
    endloop
  endfacet
  facet normal -1 0 0
    outer loop
      vertex 32.55 55.7 2.4
      vertex 32.55 55.7 2.9
      vertex 32.55 57.7 2.4
    endloop
  endfacet
  facet normal -1 0 0
    outer loop
      vertex 32.55 57.7 1.4
      vertex 32.55 57.7 2.4
      vertex 32.55 60.300000000000004 1.4
    endloop
  endfacet
  facet normal -1 0 0
    outer loop
      vertex 32.55 60.300000000000004 1.4
      vertex 32.55 57.7 2.4
      vertex 32.55 60.300000000000004 2.9
    endloop
  endfacet
  facet normal 0 -1 0
    outer loop
      vertex 32.55 55.7 2.4
      vertex 38.949999999999996 55.7 2.4
      vertex 32.55 55.7 2.9
    endloop
  endfacet
  facet normal 0 0 -1
    outer loop
      vertex 32.55 57.7 1.4
      vertex 32.55 60.300000000000004 1.4
      vertex 38.949999999999996 60.300000000000004 1.4
    endloop
  endfacet
  facet normal 0 1 0
    outer loop
      vertex 32.55 60.300000000000004 1.4
      vertex 32.55 60.300000000000004 2.9
      vertex 38.949999999999996 60.300000000000004 1.4
    endloop
  endfacet
  facet normal 0 0 -1
    outer loop
      vertex 32.55 57.7 1.4
      vertex 38.949999999999996 60.300000000000004 1.4
      vertex 38.949999999999996 57.7 1.4
    endloop
  endfacet
  facet normal 0 1 0
    outer loop
      vertex 38.949999999999996 60.300000000000004 1.4
      vertex 32.55 60.300000000000004 2.9
      vertex 38.949999999999996 60.300000000000004 2.9
    endloop
  endfacet
  facet normal 1 0 0
    outer loop
      vertex 38.949999999999996 55.7 2.4
      vertex 38.949999999999996 57.7 2.4
      vertex 38.949999999999996 55.7 2.9
    endloop
  endfacet
  facet normal 1 0 0
    outer loop
      vertex 38.949999999999996 57.7 1.4
      vertex 38.949999999999996 60.300000000000004 1.4
      vertex 38.949999999999996 60.300000000000004 2.9
    endloop
  endfacet
  facet normal 1 0 0
    outer loop
      vertex 38.949999999999996 57.7 1.4
      vertex 38.949999999999996 60.300000000000004 2.9
      vertex 38.949999999999996 57.7 2.4
    endloop
  endfacet
  facet normal -1 0 0
    outer loop
      vertex 32.55 57.7 2.4
      vertex 32.55 55.7 2.9
      vertex 32.55 60.300000000000004 2.9
    endloop
  endfacet
  facet normal 0 -1 0
    outer loop
      vertex 38.949999999999996 55.7 2.4
      vertex 38.949999999999996 55.7 2.9
      vertex 32.55 55.7 2.9
    endloop
  endfacet
  facet normal 0 0 1
    outer loop
      vertex 32.55 55.7 2.9
      vertex 38.949999999999996 55.7 2.9
      vertex 32.55 60.300000000000004 2.9
    endloop
  endfacet
  facet normal 0 0 1
    outer loop
      vertex 32.55 60.300000000000004 2.9
      vertex 38.949999999999996 55.7 2.9
      vertex 38.949999999999996 60.300000000000004 2.9
    endloop
  endfacet
  facet normal 1 0 0
    outer loop
      vertex 38.949999999999996 57.7 2.4
      vertex 38.949999999999996 60.300000000000004 2.9
      vertex 38.949999999999996 55.7 2.9
    endloop
  endfacet
  facet normal 0.7071067811865483 0 0.7071067811865468
    outer loop
      vertex 52.6 2.6999999999999997 1.2686291501015237
      vertex 52.6 57.7 1.2686291501015237
      vertex 51.46862915010153 2.6999999999999997 2.4
    endloop
  endfacet
  facet normal 0.7071067811865483 0 0.7071067811865468
    outer loop
      vertex 51.46862915010153 2.6999999999999997 2.4
      vertex 52.6 57.7 1.2686291501015237
      vertex 51.46862915010153 57.7 2.4
    endloop
  endfacet
endsolid OpenSCAD_Model
